step,mode,loss,angle_error(rad),distance(m),x(m),y(m),the(rad),direction
1,training,0,0.008860893547534936,0.0,3.9988199065352945,0.0005131790566718343,0.0032684601130067072,"(1, 0, 0)"
2,training,0,0.008899055421352386,0.0,3.9988199065352945,0.0005131790566718343,0.0032684601130067072,"(1, 0, 0)"
3,training,0,0.00886940211057663,0.0,4.002957159070756,0.0005298891484906634,0.0033716114780930713,"(1, 0, 0)"
4,training,0,0.013543825596570969,0.0,4.035134370693435,0.0006365272531269596,0.0013791487651538072,"(1, 0, 0)"
5,training,0,0.04373321682214737,0.0,4.075066441506555,0.0005031305445680674,-0.007947824481574543,"(1, 0, 0)"
6,training,0,0.02508506178855896,0.0,4.1151309655467285,-1.5840558761411703e-05,-0.018326081175551834,"(1, 0, 0)"
7,training,0,0.026248797774314877,0.0,4.155287182623489,-0.0009619273985149106,-0.02809684193403081,"(1, 0, 0)"
8,training,0,0.03941572085022926,0.0,4.195181479389017,-0.0022884962219134877,-0.03854488724874726,"(1, 0, 0)"
9,training,0,0.049709174782037735,0.0,4.2353295408583485,-0.004046548048038987,-0.049133365397426215,"(1, 0, 0)"
10,training,0,0.04795055091381073,0.041045510479518564,4.275225572838454,-0.006197074487769518,-0.0591001613849617,"(1, 0, 0)"
11,training,0.006561326794326305,0.07014979235827923,0.041045510479518564,4.3750504153322165,-0.013338145975173394,-0.08354447006915473,"(1, 0, 0)"
12,training,0.15765897929668427,0.09478026255965233,0.041045510479518564,4.394678327435558,-0.014979754042695432,-0.07829461482695314,"(1, 0, 0)"
13,training,0,0.020757749676704407,0.041045510479518564,4.414461966441795,-0.01636689352798888,-0.06373067615522279,"(1, 0, 0)"
14,training,0,0.01482982188463211,0.041045510479518564,4.434459331081089,-0.017609120033781383,-0.06121740449216278,"(1, 0, 0)"
15,training,0,0.016960779204964638,0.041045510479518564,4.474335395707831,-0.019998439039814058,-0.059262256214805915,"(1, 0, 0)"
16,training,0,0.020925011485815048,0.031313358668645076,4.514148517993321,-0.02233704038151554,-0.05845019313781779,"(1, 0, 0)"
17,training,0,0.023119777441024784,0.031313358668645076,4.554203396811333,-0.02465781277188241,-0.057191744057085034,"(1, 0, 0)"
18,training,0,0.013734906911849976,0.031313358668645076,4.593950842804088,-0.026890695193366246,-0.05589907817518467,"(1, 0, 0)"
19,training,0,0.021822959184646606,0.031313358668645076,4.633892300588222,-0.029101940280779906,-0.05487642894034401,"(1, 0, 0)"
20,training,0.20029908418655396,0.07648417353630065,0.031313358668645076,4.693718198852844,-0.03230530931359531,-0.0526509131029688,"(1, 0, 0)"
21,training,0.06148820370435715,0.06968624517321585,0.016485465813202507,4.733613338033188,-0.03431119995725306,-0.04689277599531542,"(1, 0, 0)"
22,training,0.059611063450574875,0.13298150524497032,0.016485465813202507,4.773626401075286,-0.035887350090080324,-0.028628582310751445,"(1, 0, 0)"
23,training,0.07466693967580795,0.0803390946239233,0.016485465813202507,4.813317113753298,-0.03670943577751059,-0.01449967097575512,"(1, 0, 0)"
24,training,0.037851180881261826,0.05212204530835151,0.016485465813202507,4.85336493092419,-0.03709614210065918,-0.004924432924326623,"(1, 0, 0)"
25,training,0.03610476851463318,0.06921046786010265,0.016485465813202507,4.893290134577452,-0.03719318932007153,-0.0006759706721114394,"(1, 0, 0)"
26,training,0,0.011295840144157403,0.016485465813202507,4.913226529586668,-0.037228985803227234,-0.0030603966946395047,"(1, 0, 0)"
27,training,0,0.02666918933391571,0.012525529999042165,4.953294101550976,-0.03737008115409877,-0.0012530589091074064,"(1, 0, 0)"
28,training,0,0.025326162576675415,0.012525529999042165,4.993252845641239,-0.03731960158256331,0.003909368078312567,"(1, 0, 0)"
29,training,0,0.028715990483760827,0.012525529999042165,5.033126780212157,-0.03706032179560594,0.008651425978212142,"(1, 0, 0)"
30,training,0,0.028790432959794998,0.012525529999042165,5.073255751971473,-0.036642091157985376,0.012363838855650356,"(1, 0, 0)"
31,training,0,0.02815621346235276,0.012525529999042165,5.113055048859082,-0.03608638157383685,0.01543324438152789,"(1, 0, 0)"
32,training,0.03790582716464996,0.13005019724369046,0.012525529999042165,5.173145626536038,-0.03503462573104635,0.019670548102355252,"(1, 0, 0)"
33,training,0.11023317277431488,0.09753546118736267,0.014540862960540555,5.212968368678224,-0.034256598268861696,0.01778792736064107,"(1, 0, 0)"
34,training,0.07223585247993469,0.1343676596879959,0.014540862960540555,5.252816554515688,-0.03334095741117096,0.03045754266815742,"(1, 0, 0)"
35,training,0.11237858235836029,0.06317067891359328,0.014540862960540555,5.292900175929781,-0.03202766688865811,0.03277989343448046,"(1, 0, 0)"
36,training,0.2871119976043701,0.2582813911139965,0.014540862960540555,5.312727686461609,-0.031342813247367235,0.03827628358547505,"(1, 0, 0)"
37,training,0.0551055483520031,0.15531672164797786,0.014540862960540555,5.35253040147283,-0.02945438075718675,0.0532410175191498,"(1, 0, 0)"
38,training,0.1761859655380249,0.13400045037269592,0.014540862960540555,5.3924744725814735,-0.027156758613844693,0.06406482020121601,"(1, 0, 0)"
39,training,0,0.04710743948817253,0.03607046766404114,5.432083542117406,-0.024291976019920964,0.0791045102625557,"(1, 0, 0)"
40,training,0,0.031990665942430496,0.03607046766404114,5.471935419059573,-0.02089539080888967,0.09030308865356168,"(1, 0, 0)"
41,training,0.16081790626049042,0.1762659214437008,0.03607046766404114,5.511670541126797,-0.017136040935666556,0.09757009662141039,"(1, 0, 0)"
42,training,0.21643081307411194,0.0683037294074893,0.03607046766404114,5.571378668477592,-0.011192750652057416,0.09414171930937386,"(1, 0, 0)"
43,training,0.09155946969985962,0.14858322590589523,0.03607046766404114,5.591366751249221,-0.009356617164237378,0.08873664476253647,"(1, 0, 0)"
44,training,0,0.03960998728871345,0.03607046766404114,5.631151569127217,-0.0058922732499544226,0.09312394136325247,"(0, 1, 0)"
45,training,0,0.039778862148523324,0.036845227702112106,5.670985543877862,-0.0019522776889973753,0.09434975983715987,"(0, 1, 0)"
46,training,0,0.015339702367782593,0.036845227702112106,5.71099743082493,0.0014851164464291923,0.07687036857478233,"(0, 1, 0)"
47,training,0,0.0036188066005706787,0.036845227702112106,5.750837253747899,0.004242303150413263,0.06090645911076553,"(0, 1, 0)"
48,training,0,0.005408555269241333,0.036845227702112106,5.791046118775987,0.0063640210341213855,0.044285624475997265,"(0, 1, 0)"
49,training,0,0.01501458883285521,0.036845227702112106,5.831008464918073,0.007791334423599787,0.027317222671154925,"(0, 1, 0)"
50,training,0,0.024715617299079888,0.046615483910399186,5.871098270162531,0.008555963035771502,0.010489891354220692,"(0, 1, 0)"
51,training,0,0.04130345955491067,0.046615483910399186,5.911378535918824,0.00862689681861218,-0.005951211296405974,"(0, 1, 0)"
52,training,0,0.04045387730002403,0.046615483910399186,5.951293355746075,0.008061844529323488,-0.022604880815081278,"(0, 1, 0)"
53,training,0.2495844066143036,0.058040058240294456,0.046615483910399186,6.0115682319582175,0.005949539949958929,-0.046887323564625064,"(0, 1, 0)"
54,training,0,0.02554919198155404,0.046615483910399186,6.031519448323417,0.004940873298505502,-0.05449623318976086,"(0, 1, 0)"
55,training,0,0.021620947867631912,0.04129838973877336,6.071455908617739,0.0024813516161103976,-0.06785607929432827,"(0, 1, 0)"
56,training,0,0.04511182941496372,0.04129838973877336,6.111551490041262,-0.0004749401022007561,-0.07915947920615027,"(0, 1, 0)"
57,training,0.18971604108810425,0.08638538047671318,0.04129838973877336,6.171222271212753,-0.005738229172509414,-0.09765694680460474,"(0, 1, 0)"
58,training,0.20368516445159912,0.057716650888323784,0.04129838973877336,6.211187098796268,-0.00991287469807311,-0.11043408575056725,"(0, 1, 0)"
59,training,0,0.03398564946837723,0.04129838973877336,6.231065986217039,-0.012166797649071442,-0.11470015767600321,"(0, 1, 0)"
60,training,0,0.0121543537825346,0.04129838973877336,6.270583140237724,-0.016784559033664215,-0.1146881709616419,"(0, 1, 0)"
61,training,0,0.039538975805044174,0.019679658411871092,6.310384837926048,-0.021244674384700454,-0.10824396857933068,"(0, 1, 0)"
62,training,0,0.029485294595360756,0.019679658411871092,6.349953012724142,-0.025386626223591537,-0.10166594122217225,"(0, 1, 0)"
63,training,0,0.03949177823960781,0.019679658411871092,6.389711221287072,-0.02933408485513386,-0.09628210862958032,"(0, 1, 0)"
64,training,0,0.035775160416960716,0.019679658411871092,6.429560669367795,-0.03306213369363092,-0.08999650538474052,"(0, 1, 0)"
65,training,0,0.038615632802248,0.019679658411871092,6.469178805146716,-0.03653614090571821,-0.08563029704703908,"(0, 1, 0)"
66,training,0.3096845746040344,0.0873208735138178,0.019679658411871092,6.529042523513144,-0.04146708284911376,-0.07805102458949013,"(0, 1, 0)"
67,training,0,0.01929178088903427,0.012095385687237335,6.548717720439624,-0.04296309896626011,-0.07415167707830003,"(0, 1, 0)"
68,training,0,0.025034375488758087,0.012095385687237335,6.588408858204939,-0.0455690585575849,-0.054372135663951174,"(0, 1, 0)"
69,training,0,0.010431841015815735,0.012095385687237335,6.628395132357429,-0.0472793711773061,-0.030198562915000726,"(0, 1, 0)"
70,training,0,0.0005714297294616699,0.012095385687237335,6.668017255503251,-0.04800004497070688,-0.006768644403596348,"(0, 1, 0)"
71,training,0,0.0010278448462486267,0.012095385687237335,6.70791384552625,-0.047825630401447494,0.015024269846566317,"(0, 1, 0)"
72,training,0,0.03995873034000397,0.012095385687237335,6.747814364712986,-0.04684200197434553,0.03446710069917826,"(0, 1, 0)"
73,training,0.33727312088012695,0.07631677389144895,0.004599183836317857,6.787508716818643,-0.04508511493162341,0.053555504309091805,"(0, 1, 0)"
74,training,0.27335238456726074,0.09182698279619214,0.004599183836317857,6.847365229262995,-0.0412037305761417,0.07306095978417569,"(0, 1, 0)"
75,training,0.10234200209379196,0.1419661045074463,0.004599183836317857,6.8670974537685,-0.03970362323217644,0.0774229595761866,"(0, 1, 0)"
76,training,0.36883601546287537,0.11805544793605802,0.004599183836317857,6.906909297500216,-0.036484605438109746,0.0853622213478003,"(0, 1, 0)"
77,training,0.38798046112060547,0.1142374128103256,0.004599183836317857,6.946697792931966,-0.032862040419037175,0.09695225115337903,"(0, 1, 0)"
78,training,0.2116340845823288,0.1938417889177799,0.004599183836317857,6.986215130243859,-0.02872714798040192,0.11035510296576222,"(0, 1, 0)"
79,training,0.5011321306228638,0.2085228972136974,0.04698919068960408,7.025957323329084,-0.024114945123879596,0.11910127241379186,"(0, 1, 0)"
80,training,0.5308383703231812,0.2701267041265965,0.04698919068960408,7.065560772400083,-0.019291235756515156,0.12340958395969079,"(0, 1, 0)"
81,training,0.2507871389389038,0.29450342059135437,0.04698919068960408,7.105107040271043,-0.014245844052943922,0.13145281231729353,"(0, 1, 0)"
82,training,0.6213678121566772,0.2667701281607151,0.04698919068960408,7.1446931516865195,-0.00881925082456586,0.14074478341233726,"(0, 1, 0)"
83,training,0.3629123568534851,0.315217292867601,0.04698919068960408,7.1840120202158815,-0.00305564180782764,0.14897109851816373,"(0, 1, 0)"
84,training,0.5471980571746826,0.3507459592074156,0.04698919068960408,7.223547836517874,0.0029584093268634403,0.15153893413572908,"(0, 1, 0)"
85,training,0.78951096534729,0.3009183793328703,0.020568151099046007,7.263088784539084,0.008971441453590853,0.15002445250306456,"(0, 1, 0)"
86,training,0.4934006929397583,0.2339249700307846,0.020568151099046007,7.302519579245514,0.015038627352715854,0.159674609405081,"(0, 1, 0)"
87,training,0.6094021201133728,0.25700235366821295,0.020568151099046007,7.3416605061429205,0.021730739319994686,0.18111901955235798,"(0, 1, 0)"
88,training,0.37443870306015015,0.28770035505294805,0.020568151099046007,7.380673648879436,0.029476974284287447,0.21319457492867255,"(0, 1, 0)"
89,training,0.49663910269737244,0.278121754527092,0.020568151099046007,7.419205402094343,0.03860154358939105,0.2506581564182417,"(0, 1, 0)"
90,training,0.8046455383300781,0.33110031485557556,0.020568151099046007,7.457440722912903,0.049083623663816515,0.28438158486720255,"(0, 1, 0)"
91,training,0.37154078483581543,0.32309797406196594,0.045004481723374026,7.495556162649304,0.0609079916034381,0.3178466514488465,"(0, 1, 0)"
92,training,0.41171884536743164,0.3557589054107666,0.045004481723374026,7.532955173663791,0.07386690020086856,0.3465976249675948,"(0, 1, 0)"
93,training,0.5815738439559937,0.30754563212394714,0.045004481723374026,7.570300986343753,0.08784292300708442,0.36919298964850283,"(0, 1, 0)"
94,training,0.4581547677516937,0.3346781656146049,0.045004481723374026,7.60739521049987,0.10262754706839171,0.3898292381925258,"(0, 1, 0)"
95,training,0.49476099014282227,0.3582662604749203,0.045004481723374026,7.64401600871499,0.11806558268543724,0.40611684203055387,"(0, 1, 0)"
96,training,0.5304337739944458,0.34609423764050007,0.045004481723374026,7.680751140764555,0.13408951370423028,0.41475375383553587,"(0, 1, 0)"
97,training,1.287761926651001,0.3663126360625029,0.11366788622094173,7.717100326275938,0.15016112437706142,0.4159528298819665,"(0, 1, 0)"
98,training,0.9804877042770386,0.25873659551143646,0.11366788622094173,7.753395705012988,0.16637722586552436,0.4418137260338239,"(0, 1, 0)"
99,training,0.5142685174942017,0.5140598565340042,0.11366788622094173,7.788504345388999,0.1844369585389278,0.5059962911656901,"(0, 1, 0)"
100,training,0.8063716888427734,0.4908711314201355,0.11366788622094173,7.822952037996898,0.2050901337447207,0.587451786846855,"(0, 1, 0)"
101,training,0.7672628164291382,0.35309503972530365,0.16705700698163753,7.853732874278109,0.22858355556110865,0.7165575007776219,"(0, 1, 0)"
102,training,1.0055450201034546,0.396203249692917,0.16705700698163753,7.881527703017745,0.25595980583375755,0.8335356365121405,"(0, 1, 0)"
103,training,0.4963516891002655,0.3094962686300277,0.1798422785083252,7.906199054840124,0.28618281542728125,0.9404121753508379,"(0, 1, 0)"
104,training,0.7073876261711121,0.2828949540853501,0.1798422785083252,7.927547520426477,0.3189331491157975,1.0423507694934409,"(0, 1, 0)"
105,training,0.5940306186676025,0.16397807002067566,0.1798422785083252,7.945624570837805,0.3534471583554934,1.1336089732367112,"(0, 1, 0)"
106,training,0.28089070320129395,0.06993323564529419,0.17776623184583037,7.960760594901869,0.38977836214016465,1.213553682591061,"(0, 1, 0)"
107,training,1.1082022190093994,0.05843651294708252,0.17776623184583037,7.97330178359177,0.4271236373861016,1.277119048069972,"(0, 1, 0)"
108,training,0.9949910640716553,0.08954939246177673,0.17776623184583037,7.983636184092581,0.4652806545912382,1.3358631125268046,"(0, 1, 0)"
109,training,0.41966700553894043,0.09860239923000336,0.17776623184583037,7.991701150197328,0.5037660531011466,1.3913298895223751,"(0, 1, 0)"
110,training,0,0.047288104891777066,0.14330223076796428,7.997796311932428,0.5430172262945278,1.4385352555141115,"(0, 1, 0)"
111,training,0.6042073369026184,0.06741160154342654,0.14330223076796428,8.002326653866687,0.5825089460763455,1.4745023548610627,"(0, 1, 0)"
112,training,1.205026626586914,0.06476683169603348,0.14330223076796428,8.006541377568754,0.6419268652812697,1.523601959355315,"(0, 1, 0)"
113,training,0.5995786190032959,0.28433799743652344,0.14330223076796428,8.00804807666868,0.6817536627490928,1.5418292005181022,"(0, 1, 0)"
114,training,0.8048657178878784,0.17831728979945183,0.14330223076796428,8.008850594125903,0.7215406978517719,1.5588018583823646,"(0, 1, 0)"
115,training,0.992967963218689,0.08784880116581917,0.14330223076796428,8.009019990007042,0.7415317537624907,1.5653251035436366,"(0, 1, 0)"
116,training,0,0.022311744280159466,0.08333254680719188,8.009071312536017,0.7813961271157667,1.5728586410592533,"(0, 1, 0)"
117,training,0,0.01259083766490221,0.08333254680719188,8.008826346415928,0.8212949486530594,1.580923204611013,"(0, 1, 0)"
118,training,0,0.014997681602835655,0.08333254680719188,8.008293003152266,0.8612797174109867,1.5856931568099835,"(0, 1, 0)"
119,training,0,0.02213199343532324,0.08333254680719188,8.007660485076507,0.9012182130917875,1.5874956931824267,"(0, 1, 0)"
120,training,0,0.03318973258137703,0.08333254680719188,8.00692597936818,0.9411484850760968,1.5909926280478919,"(0, 1, 0)"
121,training,0,0.042167361825704575,0.08333254680719188,8.006085687292972,0.981133557825371,1.5912389820144834,"(0, 1, 0)"
122,training,0,0.023400142788887024,0.04180021457252167,8.005261475227496,1.0210285349131825,1.5918961646084855,"(0, 1, 0)"
123,training,0,0.03931476175785065,0.04180021457252167,8.004355827901188,1.0610041019906207,1.5954870275239392,"(0, 1, 0)"
124,training,0,0.0392470951192081,0.04180021457252167,8.003272874911596,1.1009463350802682,1.6010668904916519,"(0, 1, 0)"
125,training,0.884392499923706,0.053376177325844765,0.04180021457252167,8.001091868899822,1.1607788904641299,1.6124274624537502,"(0, 1, 0)"
126,training,0.8232392072677612,0.2587262112647295,0.04180021457252167,7.999329903268015,1.200691175903324,1.6174616895931875,"(0, 1, 0)"
127,training,0.7658566236495972,0.10078169591724873,0.03190393167596362,4.000719686920194,-3.0886470962277842e-06,0.0002559130202958183,"(0, 1, 0)"
128,training,0,0.04231376573443413,0.03190393167596362,4.004971592107498,6.713154865502219e-06,-0.015088333585432713,"(0, 1, 0)"
129,training,0.9244593381881714,0.1895863264799118,1.6289630524005596,4.049999986212077,-0.0031891788958872402,-0.08293800397439276,"(0, 1, 0)"
130,training,0.5041372179985046,0.10453432891517878,1.6289630524005596,4.089751634362479,-0.006656512524885745,-0.0988150074047981,"(0, 1, 0)"
131,training,0,0.034018855541944504,1.6289630524005596,4.109575780167638,-0.008730752436353524,-0.10687753398187042,"(0, 1, 0)"
132,training,0,0.027800526469945908,1.6289630524005596,4.149401190986924,-0.012993694823089683,-0.10449152874852365,"(0, 1, 0)"
133,training,0,0.017380889505147934,1.6289630524005596,4.189107542916566,-0.01701089865767725,-0.09745740256043153,"(0, 1, 0)"
134,training,0.4182388186454773,0.11070746183395386,0.017338749010106003,4.248701369496336,-0.022611951386101656,-0.08964582005824659,"(1, 0, 0)"
135,training,0.4175160527229309,0.0761311799287796,0.017338749010106003,4.28857567392554,-0.025905544009706197,-0.07271065849111612,"(1, 0, 0)"
136,training,1.5639889240264893,0.0812135636806488,0.017338749010106003,4.3282370947836855,-0.028487838747661934,-0.05828969263271242,"(1, 0, 0)"
137,training,0,0.001580610871315006,0.017338749010106003,4.348228554729127,-0.029603559349029647,-0.05386848257208837,"(1, 0, 0)"
138,training,0,0.01120887603610754,0.017338749010106003,4.388101258342182,-0.0316826372168011,-0.05329833575485722,"(1, 0, 0)"
139,training,0,0.00047806091606616974,0.017338749010106003,4.427882204454881,-0.033915536434342426,-0.05884197795946879,"(1, 0, 0)"
140,training,0,0.004097627475857735,0.017338749010106003,4.467945844898181,-0.036366510521579055,-0.0632209096546255,"(1, 0, 0)"
141,training,0,0.0033047255128622055,0.01959337156622299,4.507710059749593,-0.03893876522675232,-0.06687420324321314,"(1, 0, 0)"
142,training,0,0.010435443371534348,0.01959337156622299,4.547608033416754,-0.041677216971188716,-0.07017751021714289,"(1, 0, 0)"
143,training,0,0.012646356131881475,0.01959337156622299,4.587585681770728,-0.04452546618827537,-0.07189842534966494,"(1, 0, 0)"
144,training,0,0.01750012021511793,0.01959337156622299,4.627281475599033,-0.047427118561484856,-0.07447882782974254,"(1, 0, 0)"
145,training,0,0.018522191792726517,0.01959337156622299,4.667250932974458,-0.050442621885063724,-0.07599692877704235,"(1, 0, 0)"
146,training,0,0.006197539158165457,0.025394755214803482,4.707034416259579,-0.053455127126052264,-0.07599147970371452,"(1, 0, 0)"
147,training,0,0.013294685631990436,0.025394755214803482,4.7468206288983685,-0.056484175973577265,-0.07578822405664057,"(1, 0, 0)"
148,training,0,0.0036918949335813488,0.025394755214803482,4.786781157539577,-0.059477190350541956,-0.07303555562852596,"(1, 0, 0)"
149,training,0,0.006915386766195297,0.025394755214803482,4.826453483384973,-0.06230008037510964,-0.069878311989076,"(1, 0, 0)"
150,training,0,0.0010179374366998672,0.025394755214803482,4.8663784746677505,-0.06502625130997113,-0.06627106171378915,"(1, 0, 0)"
151,training,0,0.0004546251147985493,0.025394755214803482,4.906274812186394,-0.06756734209448917,-0.06086408652978757,"(1, 0, 0)"
152,training,0,0.00021522678434848785,0.028952234498131946,4.946010692871063,-0.0699040362193062,-0.056826888122711895,"(1, 0, 0)"
153,training,0,0.03805084899067879,0.028952234498131946,4.98604562067489,-0.07208849427678213,-0.0515172751742133,"(1, 0, 0)"
154,training,0,0.03731181845068933,0.028952234498131946,5.025793808114457,-0.07399727144675364,-0.045239215162098494,"(1, 0, 0)"
155,training,0,0.033486258238554015,0.028952234498131946,5.065710533685379,-0.0756861227365768,-0.039266313119144906,"(1, 0, 0)"
156,training,0,0.022149648517370224,0.028952234498131946,5.105743350957398,-0.07712249706888794,-0.03180830613913847,"(1, 0, 0)"
157,training,0,0.009501133114099503,0.028952234498131946,5.145479117890884,-0.07823883137490494,-0.02446321948107011,"(1, 0, 0)"
158,training,0,0.0028146132826805184,0.036360936355063524,5.185530573818929,-0.0790600179044848,-0.01560358110341233,"(1, 0, 0)"
159,training,0,0.02576974406838417,0.036360936355063524,5.22540587499995,-0.07947660236043538,-0.005449082494161207,"(1, 0, 0)"
160,training,0,0.02187543734908104,0.036360936355063524,5.2652676343518765,-0.07948609638661991,0.004971957838326923,"(1, 0, 0)"
161,training,0,0.00544947758316993,0.036360936355063524,5.305380172602509,-0.07910044912461289,0.015235113073294577,"(1, 0, 0)"
162,training,0,0.006452158093452454,0.036360936355063524,5.345108810249556,-0.07827579310456173,0.026665909471590372,"(1, 0, 0)"
163,training,0,0.019840378314256668,0.036360936355063524,5.38506588864883,-0.07696339930145471,0.03907771750542817,"(1, 0, 0)"
164,training,0,0.03552905470132828,0.039005430825653484,5.4249664627301435,-0.07518549043166313,0.05055182875308959,"(1, 0, 0)"
165,training,0,0.03840294107794762,0.039005430825653484,5.464702638024169,-0.07294666199820862,0.061402278264558956,"(1, 0, 0)"
166,training,0,0.0466602835804224,0.039005430825653484,5.50470824769506,-0.07031588386879824,0.06986114051885775,"(1, 0, 0)"
167,training,0.9176386594772339,0.052590928971767426,0.039005430825653484,5.5443732274525175,-0.06739723760231951,0.07653190722188459,"(1, 0, 0)"
168,training,0.9716235995292664,0.09238822758197784,0.039005430825653484,5.604199914209179,-0.0625530942998714,0.08450869141715762,"(1, 0, 0)"
169,training,0,0.04720879159867764,0.039005430825653484,5.624074312338646,-0.0608331986473296,0.08965091672944485,"(0, 0, 1)"
170,training,0,0.04392844997346402,0.02920468933821781,5.663424008560484,-0.05707767063486825,0.09557579039053873,"(0, 0, 1)"
171,training,0.7523250579833984,0.056485895067453384,0.02920468933821781,5.723292468837026,-0.05139097819705778,0.09293011503183099,"(0, 0, 1)"
172,training,0,0.04240109585225583,0.02920468933821781,5.74307639248116,-0.049549250728369916,0.09228749909363601,"(0, 0, 1)"
173,training,0.740705132484436,0.05425005592405795,0.02920468933821781,5.802858166098948,-0.04408824733175039,0.08947932436481958,"(0, 0, 1)"
174,training,0.49956971406936646,0.06147427670657635,0.02920468933821781,5.842665029936072,-0.04058227632892407,0.08613708062789582,"(0, 0, 1)"
175,training,0,0.005872264504432678,0.02920468933821781,5.862532386216355,-0.03888456778249576,0.0837893951121123,"(0, 0, 1)"
176,training,0,0.003275737166404724,0.00947128411013407,5.902541742037833,-0.03569222385160861,0.07366195413340122,"(0, 0, 1)"
177,training,0,0.00916095450520514,0.00947128411013407,5.942531978650917,-0.0330104144423529,0.06029941468273684,"(0, 0, 1)"
178,training,0,0.03312984853982925,0.00947128411013407,5.982453008700343,-0.030862677691803633,0.04692167878120232,"(0, 0, 1)"
179,training,0,0.041704121977090836,0.00947128411013407,6.022698074759946,-0.02926053330057956,0.032349040424221015,"(0, 0, 1)"
180,training,0,0.04053792729973794,0.00947128411013407,6.062624006517327,-0.02826381894377754,0.017690863110029438,"(0, 0, 1)"
181,training,0.7217866778373718,0.05862129293382168,0.006391351288257679,6.122908059312755,-0.027878090616962985,-0.005035918121047343,"(0, 0, 1)"
182,training,0.5813609957695007,0.11239924095571041,0.006391351288257679,6.162876172199672,-0.02839475785959108,-0.02127169309295778,"(0, 0, 1)"
183,training,0.6590397357940674,0.16716618835926056,0.006391351288257679,6.203069193170224,-0.029780634470535184,-0.05043119688373958,"(0, 0, 1)"
184,training,0.6557452082633972,0.18146725930273533,0.006391351288257679,6.243258339289799,-0.032451279561435065,-0.08199066163164276,"(0, 0, 1)"
185,training,1.0256335735321045,0.16875609010457993,0.006391351288257679,6.283211650224347,-0.036355887525238,-0.1132050576127675,"(0, 0, 1)"
186,training,0.9152972102165222,0.13659784942865372,0.01654489358772923,6.32305226922201,-0.04111062070261713,-0.12624857334250236,"(0, 0, 1)"
187,training,0.6230717897415161,0.11687788739800453,0.01654489358772923,6.362721231014444,-0.04626994824328294,-0.1308068791821148,"(0, 0, 1)"
188,training,0.3706395626068115,0.07880653440952301,0.01654489358772923,6.402199183988068,-0.05146497111231165,-0.12957834995279138,"(0, 0, 1)"
189,training,0.5346659421920776,0.07077543437480928,0.01654489358772923,6.441865134002345,-0.056523471785681796,-0.12346063510158042,"(0, 0, 1)"
190,training,0.46207842230796814,0.06344546005129814,0.01654489358772923,6.481380863696978,-0.061266511692112335,-0.11675849449022264,"(0, 0, 1)"
191,training,0,0.0405704528093338,0.01654489358772923,6.5012065782243145,-0.06355873881312063,-0.11286136115150697,"(0, 0, 1)"
192,training,0,0.04198660701513289,0.04664864098667116,6.540963777368868,-0.0678486219473883,-0.101300570143448,"(0, 0, 1)"
193,training,0,0.04116997867822647,0.04664864098667116,6.580539226598167,-0.0715992725098845,-0.08889476073253122,"(0, 0, 1)"
194,training,0,0.01213795319199562,0.04664864098667116,6.620340781294351,-0.07492315124089265,-0.0774352216912059,"(0, 0, 1)"
195,training,0,0.01680050790309906,0.04664864098667116,6.660202364909564,-0.07775784413897616,-0.06449998561825199,"(0, 0, 1)"
196,training,0,0.04410315677523613,0.04664864098667116,6.699870348402126,-0.08009736828519169,-0.053629991293886035,"(0, 0, 1)"
197,training,0,0.04212993010878563,0.04664864098667116,6.73988296348918,-0.08203276382978344,-0.04254085542447244,"(0, 0, 1)"
198,training,0.5008216500282288,0.08968200907111168,0.07239085572821058,6.79955055072904,-0.08405243218197092,-0.025975666650611868,"(0, 0, 1)"
199,training,0.7618219256401062,0.14390398189425468,0.07239085572821058,6.839590537393913,-0.08487575119763933,-0.014477995544771529,"(0, 0, 1)"
200,training,0.6908860206604004,0.1596303954720497,0.07239085572821058,6.879442598635275,-0.08521505544871616,-0.0028477328425730963,"(0, 0, 1)"
201,training,0.5874383449554443,0.15644414536654952,0.07239085572821058,6.919315142173816,-0.08512087840382025,0.007199538012336996,"(0, 0, 1)"
202,training,0.4970243573188782,0.19724750518798825,0.07239085572821058,6.939384573330742,-0.08494610692442961,0.009757780898890575,"(0, 0, 1)"
203,training,0.7394485473632812,0.15654540807008746,0.07239085572821058,6.9793787360554775,-0.08454642796901768,0.007824787487310707,"(0, 0, 1)"
204,training,0.7824179530143738,0.1936237812042237,0.07753033374463938,7.019375110635403,-0.08448485341860837,-0.005300953761427916,"(0, 0, 1)"
205,training,0.5798971652984619,0.2982437312602997,0.07753033374463938,7.05961499563749,-0.08496666709218964,-0.017372268047669007,"(0, 0, 1)"
206,training,0.506425142288208,0.3104228228330612,0.07753033374463938,7.099483960698808,-0.08581411035850403,-0.024485872630615194,"(0, 0, 1)"
207,training,0.4442601203918457,0.3472470417618752,0.07753033374463938,7.139517894859809,-0.08686522939171509,-0.02703197291620676,"(0, 0, 1)"
208,training,0.8254354000091553,0.3309148233383894,0.07753033374463938,7.179524925979012,-0.08792002769279951,-0.025357430592659148,"(0, 0, 1)"
209,training,0.5648167133331299,0.329930467531085,0.07753033374463938,7.219341353401089,-0.08886219817511984,-0.02166970880418802,"(0, 0, 1)"
210,training,1.38901686668396,0.3156299255788326,0.07018669440256937,7.259439959020662,-0.08963322858892622,-0.016011430159606186,"(0, 0, 1)"
211,training,0.9415964484214783,0.3167542442679405,0.07018669440256937,7.299209831760384,-0.09011643850651493,-0.007853704796479453,"(0, 0, 1)"
212,training,0.9977591037750244,0.3182899951934815,0.07018669440256937,7.3391158603760625,-0.09021312984786709,0.0032990413847141524,"(0, 0, 1)"
213,training,0.3616764545440674,0.3113438859581948,0.07018669440256937,7.379193651749049,-0.08985841994933685,0.015346538588879985,"(0, 0, 1)"
214,training,0.6862010359764099,0.3105320446193218,0.07018669440256937,7.4189057913125644,-0.08899735549144032,0.02781196565578357,"(0, 0, 1)"
215,training,0.5595618486404419,0.3047335520386696,0.07018669440256937,7.4589134810849025,-0.08764291033002702,0.03999935880572945,"(0, 0, 1)"
216,training,0.7774635553359985,0.2950139734894037,0.025280610834532192,7.498636458251811,-0.08584643948672392,0.05017616000126962,"(0, 0, 1)"
217,training,0.4694673418998718,0.30612897686660284,0.025280610834532192,7.538456225786012,-0.0837002750637181,0.056883589629019855,"(0, 0, 1)"
218,training,0.8197994232177734,0.32069394178688526,0.025280610834532192,7.578521938866233,-0.08132922643360786,0.06110370339778792,"(0, 0, 1)"
219,training,0.7284125089645386,0.29607043787837034,0.025280610834532192,7.618242143358767,-0.07884945335729586,0.062279987736439106,"(0, 0, 1)"
220,training,0.6365159749984741,0.3769456297159195,0.025280610834532192,7.658294320816522,-0.07645342521806965,0.05297584165850011,"(0, 0, 1)"
221,training,0.6736437678337097,0.2537887841463089,0.025280610834532192,7.698481624762559,-0.07466939219354395,0.03349092428076361,"(0, 0, 1)"
222,training,0.7360110282897949,0.2322893887758254,0.1892222174755904,7.738661620762364,-0.07398297811839753,-0.005040379746702858,"(0, 0, 1)"
223,training,0.46242016553878784,0.31857985258102417,0.1892222174755904,7.779121849763222,-0.07533993698858342,-0.0719451745755365,"(0, 0, 1)"
224,training,1.265154242515564,0.5854031592607498,0.1892222174755904,7.81973661348634,-0.08018160690786785,-0.17181422801337806,"(0, 0, 1)"
225,training,1.23600435256958,0.7557578757405282,0.2800996390213975,7.859347649092628,-0.08950119730460057,-0.29973997662344154,"(0, 0, 1)"
226,training,1.0451042652130127,0.6612142771482467,0.2800996390213975,7.8977133535542,-0.10475295998845925,-0.4625401410285407,"(0, 0, 1)"
227,training,0.971793532371521,0.5474590063095092,0.322033275549275,7.933044341758409,-0.12633043768247978,-0.6351355905924082,"(0, 0, 1)"
228,training,1.4039280414581299,0.444380283355713,0.322033275549275,7.964249769038589,-0.15366776022350648,-0.8017537152304628,"(0, 0, 1)"
229,training,0.5828818082809448,0.43081188201904286,0.33597603068364296,7.990597787550202,-0.18542130641671978,-0.9494852591853034,"(0, 0, 1)"
230,training,1.5934982299804688,0.3819628655910493,0.33597603068364296,8.012374530892803,-0.22025466253871018,-1.078429315493315,"(0, 0, 1)"
231,training,1.4031219482421875,0.29131564497947693,0.3260932399319476,8.029555354410247,-0.2572138592557204,-1.19005244156391,"(0, 0, 1)"
232,training,1.5841941833496094,0.22869630157947546,0.3260932399319476,8.042725642929632,-0.2957310382525825,-1.290763709757063,"(0, 0, 1)"
233,training,0.5064243078231812,0.12204745411872864,0.3260932399319476,8.052314232887838,-0.3353266419677933,-1.3730065710321253,"(0, 0, 1)"
234,training,0.5030611753463745,0.0790526419878006,0.2939529037558458,8.0588232825721,-0.37532534600805717,-1.4426925174156011,"(0, 0, 1)"
235,training,0.48006343841552734,0.05078752338886261,0.2939529037558458,8.062941838403589,-0.41540747668669675,-1.4921227086555264,"(0, 0, 1)"
236,training,0,0.016028180718421936,0.2939529037558458,8.065273174374292,-0.4556742114708178,-1.531692063580445,"(0, 0, 1)"
237,training,0,0.019370846450328827,0.2939529037558458,8.066126271802649,-0.4955447203159258,-1.5655714326336274,"(0, 0, 1)"
238,training,0,0.02507879585027694,0.2939529037558458,8.065948608268412,-0.5356654831614784,-1.5837132246952925,"(0, 0, 1)"
239,training,0,0.04834223911166191,0.2129956256291178,8.06518972529523,-0.575656088761871,-1.595165545233003,"(0, 0, 1)"
240,training,0,0.021225370466709137,0.2129956256291178,8.064021296102668,-0.615695181335197,-1.6048662158697753,"(0, 0, 1)"
241,training,0.4843564033508301,0.06473056972026825,0.2129956256291178,8.061223016933928,-0.6757163207110584,-1.6333895144614792,"(0, 0, 1)"
242,training,0,0.012529239058494568,0.2129956256291178,8.059886144435403,-0.6957471113055747,-1.639908283205768,"(0, 0, 1)"
243,training,1.1224570274353027,0.0751448895316571,0.2129956256291178,8.055108952754276,-0.7556257894573022,-1.66336027010591,"(0, 0, 1)"
244,training,0.9374395608901978,0.16872526705265045,0.2129956256291178,8.051323153595392,-0.7954750645004255,-1.6655931847453265,"(0, 0, 1)"
245,training,1.112081527709961,0.21990849077701569,0.12512268505112156,8.047496400101194,-0.8352713258673296,-1.6684108272529439,"(0, 0, 1)"
246,training,0.858248233795166,0.12820440297946334,0.12512268505112156,8.043604363351427,-0.8749902161998637,-1.668446077882209,"(0, 0, 1)"
247,training,0.5608829259872437,0.0799844809807837,0.12512268505112156,8.039708342791222,-0.9148654235157989,-1.6685250991006628,"(0, 0, 1)"
248,training,0,0.033099595457315445,0.12512268505112156,8.037750221831303,-0.9347175515985382,-1.670023762695605,"(0, 0, 1)"
249,training,0,0.03324984759092331,0.12512268505112156,8.03378918768645,-0.974425007295356,-1.6702772523933804,"(0, 0, 1)"
250,training,0,0.03519519791007042,0.12512268505112156,8.029824175460359,-1.014287110905226,-1.6699091430300472,"(0, 0, 1)"
251,training,2.337495803833008,0.05188044160604477,0.05197731996031946,4.0010351212303235,-1.0198944066293815e-06,0.0027989254292386076,"(0, 0, 1)"
252,training,0.5733622908592224,0.14984573423862457,1.520822766395448,4.024017116482747,0.00022472512765308022,0.0059916828740254014,"(0, 0, 1)"
253,training,0.5812556743621826,0.12874144315719604,1.520822766395448,4.062586366047769,0.00017230756472905878,-0.004714037316788323,"(0, 0, 1)"
254,training,1.27947998046875,0.20372799038887024,1.520822766395448,4.1025173369433245,-9.920066148647443e-05,-0.0102628031189154,"(0, 0, 1)"
255,training,0.8126182556152344,0.38959999196231365,1.520822766395448,4.142565190971888,-0.0005567196306101855,-0.012255374337366209,"(0, 0, 1)"
256,training,2.186479330062866,0.09866861253976822,1.520822766395448,4.182435368556596,-0.001117974976176746,-0.016633620581895738,"(0, 0, 1)"
257,training,0,0.03537419065833092,1.520822766395448,4.202418553891822,-0.0014753658922816298,-0.019481096743836277,"(0, 0, 1)"
258,training,0,0.03855595178902149,1.520822766395448,4.242574185605868,-0.0023788591137253296,-0.025745057142708173,"(0, 0, 1)"
259,training,0,0.0033389460295438766,0.034836503690573395,4.282534937575142,-0.0035332379616294877,-0.03136475506274629,"(1, 0, 0)"
260,training,0,0.003467269241809845,0.034836503690573395,4.322524401684588,-0.004857135559694952,-0.03506176836971966,"(1, 0, 0)"
261,training,0,0.011248009745031595,0.034836503690573395,4.362555739697702,-0.006349224399699125,-0.04034901421334516,"(1, 0, 0)"
262,training,0,0.009212322067469358,0.034836503690573395,4.402417844114286,-0.008027945207599762,-0.043509726862824456,"(1, 0, 0)"
263,training,0,0.007846498163416982,0.034836503690573395,4.442482676743465,-0.009815135743432119,-0.04590681440242347,"(1, 0, 0)"
264,training,0,0.012841661460697653,0.034836503690573395,4.482376991102947,-0.01171258069219553,-0.04925816746448979,"(1, 0, 0)"
265,training,0,0.016117495484650135,0.02443654628735285,4.522272789665535,-0.013696033058526326,-0.04999344794977741,"(1, 0, 0)"
266,training,0,0.0140161057934165,0.02443654628735285,4.562307834877416,-0.01571928142336758,-0.05199117830915365,"(1, 0, 0)"
267,training,0,0.02428686618804932,0.02443654628735285,4.602137440988802,-0.01781493284564101,-0.05309411729215981,"(1, 0, 0)"
268,training,0,0.0055839903652668,0.02443654628735285,4.642132967207686,-0.019937556328065317,-0.05316562817570653,"(1, 0, 0)"
269,training,0,0.011219816282391552,0.02443654628735285,4.682008474220952,-0.022046238244821936,-0.0522195782293431,"(1, 0, 0)"
270,training,0,0.0012769456952810253,0.006933863132786242,4.7218299195226505,-0.024049674378712395,-0.048897856681364545,"(1, 0, 0)"
271,training,0,0.0061323512345552444,0.006933863132786242,4.7618800464533875,-0.025941065448382594,-0.04511256523504165,"(1, 0, 0)"
272,training,0,0.009847810491919518,0.006933863132786242,4.8016861550936065,-0.027672156396856863,-0.04236759408026097,"(1, 0, 0)"
273,training,0,0.00018517859280109059,0.006933863132786242,4.841633327146066,-0.02928906182574452,-0.03773551324220152,"(1, 0, 0)"
274,training,0,0.013683630153536797,0.006933863132786242,4.88159701372984,-0.03070886241741432,-0.03424215998709118,"(1, 0, 0)"
275,training,0,0.03958757687360048,0.006933863132786242,4.921416390220547,-0.03196197148670554,-0.028198034220913448,"(1, 0, 0)"
276,training,0,0.0407644584774971,0.007175567831252669,4.961443538628641,-0.0329255478954625,-0.01904219381789492,"(1, 0, 0)"
277,training,0.8710474371910095,0.05703636631369591,0.007175567831252669,5.021187681760385,-0.03365925286005997,-0.00475410034246308,"(1, 0, 0)"
278,training,0.6608777642250061,0.08048816386144608,0.007175567831252669,5.0611692229234775,-0.03360607055715044,0.007561177597942622,"(1, 0, 0)"
279,training,0.6345420479774475,0.08294322527945042,0.007175567831252669,5.100987776514684,-0.033068407995054186,0.019873220892107166,"(1, 0, 0)"
280,training,0.5392571687698364,0.08322039805352688,0.007175567831252669,5.140817241134349,-0.03200088252871263,0.03334700031580905,"(1, 0, 0)"
281,training,1.358609914779663,0.08050914481282234,0.007175567831252669,5.180717796143024,-0.030448843992475823,0.043592328112419,"(1, 0, 0)"
282,training,0.6966880559921265,0.10235510393977165,0.009749359548713284,5.220535187873435,-0.028512576433914232,0.05374001760838912,"(1, 0, 0)"
283,training,0.5457366704940796,0.09022354334592819,0.009749359548713284,5.260364033603542,-0.02610856762974905,0.0669772436855326,"(1, 0, 0)"
284,training,0.8005471229553223,0.09326330572366714,0.009749359548713284,5.300188879107026,-0.02325595142569109,0.07587536137814986,"(1, 0, 0)"
285,training,0.5937593579292297,0.12371785566210748,0.009749359548713284,5.339925376979999,-0.020072198471792452,0.08408222682142916,"(1, 0, 0)"
286,training,1.4095852375030518,0.15384454280138016,0.009749359548713284,5.379616924094076,-0.016425739213209084,0.09824484432104594,"(1, 0, 0)"
287,training,1.3390138149261475,0.09807410836219788,0.009749359548713284,5.41936095779926,-0.012275737402318042,0.10975132732828395,"(1, 0, 0)"
288,training,0,0.030943632125854492,0.02224266816881172,5.43897190504512,-0.010060341243059987,0.11302679156586132,"(1, 0, 0)"
289,training,0,0.03947608917951585,0.02224266816881172,5.478821411418144,-0.0056712719567319474,0.10275034088039209,"(1, 0, 0)"
290,training,0,0.049645502120256424,0.02224266816881172,5.5187870441170315,-0.0018772957769201421,0.08706048852609011,"(1, 0, 0)"
291,training,0.8963860869407654,0.05108719319105147,0.02224266816881172,5.578638987358922,0.002877072385451139,0.07169933905399817,"(1, 0, 0)"
292,training,0,0.026835337281227126,0.02224266816881172,5.5986300943548875,0.00424005119618004,0.06436713906527923,"(1, 0, 0)"
293,training,0,0.037212505936622634,0.02224266816881172,5.638575374789905,0.006538047549146249,0.05078280497033858,"(1, 0, 0)"
294,training,0,0.01483457162976265,0.038812558628977756,5.678656760876044,0.008340193578568236,0.03960446624333094,"(1, 0, 0)"
295,training,0,0.03322530910372734,0.038812558628977756,5.7187175021456,0.009675234310147277,0.0268444009982598,"(1, 0, 0)"
296,training,1.0737236738204956,0.08055749721825123,0.038812558628977756,5.778719039542589,0.010897324658937444,0.014468026997027674,"(1, 0, 0)"
297,training,0.5056893825531006,0.10795916616916656,0.038812558628977756,5.818763952015137,0.01133459483458987,0.007751409564265517,"(1, 0, 0)"
298,training,0.6512611508369446,0.16976618766784668,0.038812558628977756,5.858623110291681,0.0116477409085741,0.00854310000872744,"(1, 0, 0)"
299,training,0.7178468108177185,0.15746230632066727,0.038812558628977756,5.8985384378267725,0.012165837028981758,0.019681260057896253,"(1, 0, 0)"
300,training,2.270601272583008,0.11247047781944275,0.04513676902028,5.938418405896606,0.01317688324274559,0.0299662917875711,"(1, 0, 0)"
301,training,1.2812907695770264,0.08360116928815843,0.04513676902028,5.978355589327628,0.014427074203628048,0.03219274723448715,"(1, 0, 0)"
302,training,0.757300853729248,0.11382898315787315,0.04513676902028,6.018527527764062,0.015622615457567633,0.024854728833673217,"(1, 0, 0)"
303,training,0.37174710631370544,0.22192773595452306,0.04513676902028,6.03871828836302,0.016102380680933646,0.024529357098398735,"(1, 0, 0)"
304,training,0.4513678550720215,0.15975927561521527,0.04513676902028,6.098615550010511,0.017867584951184654,0.034757449114515865,"(1, 0, 0)"
305,training,0.9636406898498535,0.09377879649400711,0.0545874327028252,6.138533635504039,0.01931649167157504,0.03711097262164106,"(1, 0, 0)"
306,training,0,0.042001157999038696,0.0545874327028252,6.158388065276795,0.02005925110671569,0.03557035515518455,"(1, 0, 0)"
307,training,0,0.04789671301841736,0.0545874327028252,6.198540629418654,0.021230386794059815,0.020353126191458668,"(1, 0, 0)"
308,training,0,0.048081867396831526,0.0545874327028252,6.238636324637403,0.021658981956173714,0.0017928555514651163,"(1, 0, 0)"
309,training,0.7488621473312378,0.050205692648887634,0.0545874327028252,6.298736593098791,0.021131342744987305,-0.018407019889378057,"(1, 0, 0)"
310,training,0,0.011906139552593245,0.060025345177468895,6.318855595272783,0.020694499450212015,-0.025329766502498786,"(1, 0, 0)"
311,training,0,0.029839109629392624,0.060025345177468895,6.358724819613106,0.019394177118611515,-0.03976389390601339,"(1, 0, 0)"
312,training,0.2829461097717285,0.09694269113242626,0.060025345177468895,6.418869818138743,0.016509300460511005,-0.0548692444263462,"(1, 0, 0)"
313,training,0.6734156608581543,0.06727293133735658,0.060025345177468895,6.458690858679293,0.014161733661882222,-0.06231818960165657,"(1, 0, 0)"
314,training,0.3873501718044281,0.11600050330162048,0.060025345177468895,6.498659242414371,0.011524653657297256,-0.0700515676599658,"(1, 0, 0)"
315,training,0.6285353899002075,0.18294380605220795,0.060025345177468895,6.518605140743605,0.010119706438089371,-0.06663076394417138,"(1, 0, 0)"
316,training,0.4535447955131531,0.05083088576793671,0.06808694201798268,6.578168971892436,0.006982153976414383,-0.03958713905019238,"(1, 0, 0)"
317,training,0,0.02676396816968918,0.06808694201798268,6.598103695302204,0.006262301754709346,-0.03514428256160031,"(1, 0, 0)"
318,training,0,0.03653227537870407,0.06808694201798268,6.63825352360115,0.004643578208028353,-0.0477352174542831,"(1, 0, 0)"
319,training,0,0.015343356877565398,0.06808694201798268,6.678084120290757,0.0024640039112952066,-0.06138077321714711,"(1, 0, 0)"
320,training,0,0.028300397098064423,0.06808694201798268,6.718178214056695,-0.0002473402328875637,-0.07355017099918047,"(1, 0, 0)"
321,training,0,0.029135156422853466,0.06808694201798268,6.758058476923329,-0.0034231357251353553,-0.08521527916777091,"(1, 0, 0)"
322,training,0,0.038143913727253675,0.07473789381758963,6.797880289704929,-0.0070274907088982265,-0.09524248672499408,"(1, 0, 0)"
323,training,0,0.03357164142653346,0.07473789381758963,6.837907830820142,-0.011047078863704301,-0.10464313573317335,"(1, 0, 0)"
324,training,0,0.03018713346682489,0.07473789381758963,6.877543602008687,-0.015387975018553483,-0.11304599700095708,"(1, 0, 0)"
325,training,0,0.03481875918805599,0.07473789381758963,6.9173606593043955,-0.020046129463579865,-0.11961290985816535,"(1, 0, 0)"
326,training,0,0.028738085180521008,0.07473789381758963,6.957108427962926,-0.024915216699227343,-0.12368752101622733,"(1, 0, 0)"
327,training,0,0.03333223238587379,0.07473789381758963,6.996690318420943,-0.029876584275750264,-0.12529038928610314,"(1, 0, 0)"
328,training,0,0.03912208601832389,0.0454281897407139,7.036515239124482,-0.03489404226625787,-0.12505862801616063,"(1, 0, 0)"
329,training,0,0.042844872921705246,0.0454281897407139,7.076060560020313,-0.039848153367366065,-0.12423764877500937,"(1, 0, 0)"
330,training,0,0.04314505681395531,0.0454281897407139,7.115748233155484,-0.044783651204255204,-0.12358158917630842,"(1, 0, 0)"
331,training,0.9397724866867065,0.06428524851799011,0.0454281897407139,7.1752750292506615,-0.05216746011898122,-0.12344884347634236,"(1, 0, 0)"
332,training,0.798430323600769,0.06042771041393281,0.0454281897407139,7.214943392581397,-0.057094704134052356,-0.12412188389878206,"(1, 0, 0)"
333,training,0,0.001777850091457353,0.0454281897407139,7.234871840109675,-0.05957351734747366,-0.12314865960698498,"(1, 0, 0)"
334,training,0,0.004580494016408934,0.011576252209919865,7.274372043378199,-0.06438999724563878,-0.11671529257107759,"(1, 0, 0)"
335,training,0,0.004230514168739319,0.011576252209919865,7.313976837123419,-0.0687613272477962,-0.10376900885567122,"(1, 0, 0)"
336,training,0,0.00458914041519165,0.011576252209919865,7.353873231062014,-0.07270114714683415,-0.09229011594257798,"(1, 0, 0)"
337,training,0,0.006254889070987708,0.011576252209919865,7.393468740423442,-0.07614702910013575,-0.08168115700797902,"(1, 0, 0)"
338,training,0,0.0020373910665512085,0.011576252209919865,7.433349742543954,-0.07920404225235371,-0.07117355911064797,"(1, 0, 0)"
339,training,0,0.0018881037831306527,0.011576252209919865,7.47322051265938,-0.0818647119317833,-0.0624322147451628,"(1, 0, 0)"
340,training,0,0.0008582547307014465,0.011411254503701194,7.512981305478482,-0.08416368091997693,-0.05351929379070124,"(1, 0, 0)"
341,training,0,0.0002013128250837326,0.011411254503701194,7.553005291081745,-0.08615528268435925,-0.046154776521715624,"(1, 0, 0)"
342,training,0,0.010723002254962921,0.011411254503701194,7.592778326673724,-0.08787758149030547,-0.04064242197837981,"(1, 0, 0)"
343,training,0,5.584023892879139e-05,0.011411254503701194,7.632720690087243,-0.08938568544450004,-0.03497734304174579,"(1, 0, 0)"
344,training,0,0.0008976366370916367,0.011411254503701194,7.67268784547599,-0.09070401834012391,-0.0318991433909449,"(1, 0, 0)"
345,training,0,0.01145484484732151,0.011411254503701194,7.712534507750279,-0.0918955898915525,-0.02818029743134677,"(1, 0, 0)"
346,training,0,0.014884086325764653,0.02026929917174138,7.7525862726326205,-0.09295568630361166,-0.02492867271106492,"(1, 0, 0)"
347,training,0,0.0207354836165905,0.02026929917174138,7.7924649021254275,-0.09392296881359442,-0.023824456890778077,"(1, 0, 0)"
348,training,0,0.0162146333605051,0.02026929917174138,7.832397581418485,-0.09482207072995576,-0.021466799919077736,"(1, 0, 0)"
349,training,0,0.021449878811836243,0.02026929917174138,7.872396795046377,-0.09565781607720134,-0.02148468406108165,"(1, 0, 0)"
350,training,0,0.015408726409077644,0.02026929917174138,7.912289669080221,-0.09650314973176395,-0.02095943039771659,"(1, 0, 0)"
351,training,0,0.02793172374367714,0.02026929917174138,7.952327260887057,-0.0973206199923026,-0.02032067421280213,"(1, 0, 0)"
352,training,0,0.039365269243717194,0.032927690303662875,7.992273729025912,-0.09815563706850852,-0.021978542681526034,"(1, 0, 0)"
353,training,0,0.030817974358797073,0.032927690303662875,8.032180428151078,-0.0990265050573046,-0.022122553594564685,"(1, 0, 0)"
354,training,0,0.04345451667904854,0.032927690303662875,8.072213600969583,-0.09992704517199527,-0.02398116433039428,"(1, 0, 0)"
355,training,0,0.04613223485648632,0.032927690303662875,8.112119976393267,-0.10093136934646921,-0.02638768076518265,"(1, 0, 0)"
356,training,0.329806387424469,0.06232391484081746,0.032927690303662875,8.172160082666545,-0.10258376248707074,-0.029513875983226023,"(1, 0, 0)"
357,training,0,0.011129114776849747,0.032927690303662875,8.192085168316536,-0.10318013109102499,-0.029985411567582988,"(1, 0, 0)"
358,training,0,0.005371466279029846,0.043006926243528934,8.23189905547594,-0.10422983575960688,-0.02108016670164575,"(1, 0, 0)"
359,training,0,0.0005075186491012573,0.043006926243528934,8.27190444003044,-0.10485929344716458,-0.011055031836697348,"(1, 0, 0)"
360,training,0,0.006622316315770149,0.043006926243528934,8.311763176682517,-0.10516016370256348,-0.004185009615692954,"(1, 0, 0)"
361,training,0,0.0024443175643682445,0.043006926243528934,8.351678255069174,-0.10517060444516758,0.0033077403172480373,"(1, 0, 0)"
362,training,0,0.0031160321086645126,0.043006926243528934,8.391638771100116,-0.10493222643996301,0.007547600253955054,"(1, 0, 0)"
363,training,0,0.02025168389081955,0.043006926243528934,8.431542968525884,-0.10454068932009142,0.012087453903131025,"(1, 0, 0)"
364,training,0,0.021778908208943903,0.04427704954221917,8.471551082948867,-0.10395531942609484,0.016926659928244853,"(1, 0, 0)"
365,training,0,0.01953231170773506,0.04427704954221917,8.511511305470643,-0.10321311328608039,0.020025141912320157,"(1, 0, 0)"
366,training,0,0.022454533725976944,0.04427704954221917,8.551367191281274,-0.10230808081463987,0.02516245974206376,"(1, 0, 0)"
367,training,0,0.043349459767341614,0.04427704954221917,8.591357977910846,-0.10120646447419586,0.02931542621822281,"(1, 0, 0)"
368,training,0.29200100898742676,0.050664447247982025,0.04427704954221917,8.651145778699386,-0.09924338045683556,0.03723138351917077,"(1, 0, 0)"
369,training,0,0.00791273079812527,0.04427704954221917,8.671140641833045,-0.09847580236300547,0.03920532671200592,"(1, 0, 0)"
370,training,0,0.016540646553039558,0.04178885318748192,8.711113580371167,-0.09688674535929133,0.03814286094066199,"(1, 0, 0)"
371,training,0,0.0021354202181100845,0.04178885318748192,8.750977296051925,-0.09541230256659616,0.035765411167997696,"(1, 0, 0)"
372,training,0,0.008991900831460953,0.04178885318748192,8.791013827146552,-0.09402203606604241,0.03301693926531619,"(1, 0, 0)"
373,training,0,0.014587488025426865,0.04178885318748192,8.830947908260637,-0.09277879496664188,0.029766749289915382,"(1, 0, 0)"
374,training,0,0.004960840567946436,0.04178885318748192,8.870896873444568,-0.09161288151346954,0.028297917105900138,"(1, 0, 0)"
375,training,0,0.015622099861502647,0.04178885318748192,8.910924995999434,-0.09052204806585289,0.025544700264767555,"(1, 0, 0)"
376,test,0,0.007617177441716194,0.03926913271217066,8.950800122296991,-0.08953345546938227,0.02426909254758924,"(1, 0, 0)"
377,test,0,0.023993881419301033,0.03926913271217066,4.008295129667742,-4.5523285749277163e-05,-0.018522175664524774,"(1, 0, 0)"
378,test,0,0.19604641944169998,1.635679101344899,4.035928296916469,-0.0019306211780223512,-0.10112265656868566,"(1, 0, 0)"
379,test,0,0.01667974889278412,1.635679101344899,4.074843170446069,-0.0058254617750942966,-0.09598937483562299,"(1, 0, 0)"
380,test,0,0.011218950152397156,1.635679101344899,4.1145849112625745,-0.009494164876346084,-0.08932080430825758,"(1, 0, 0)"
381,test,0,0.005867823958396912,1.635679101344899,4.154364612784261,-0.012931600896895216,-0.08328826133090995,"(1, 0, 0)"
382,test,0,0.004826262593269348,1.635679101344899,4.19419613649359,-0.016120046276977246,-0.07692919934575199,"(1, 0, 0)"
383,test,0,0.0006205961108207703,1.635679101344899,4.233965304481909,-0.019117620056378532,-0.07369139307971091,"(1, 0, 0)"
384,test,0,0.0024527162313461304,0.013574480081966761,4.273792901036616,-0.02195771091888838,-0.06881692235653855,"(1, 0, 0)"
385,test,0,0.002063177525997162,0.013574480081966761,4.313602163116577,-0.024610279285962756,-0.06562604289684372,"(1, 0, 0)"
386,test,0,0.003647848963737488,0.013574480081966761,4.353512273376183,-0.027180912317713052,-0.06309952241638196,"(1, 0, 0)"
387,test,0,0.007033925503492355,0.013574480081966761,4.39337939763628,-0.029609320237120363,-0.058718376619117975,"(1, 0, 0)"
388,test,0,0.0019522681832313538,0.013574480081966761,4.433195188027291,-0.03190569329822363,-0.057353815033993165,"(1, 0, 0)"
389,test,0,0.003001071512699127,0.013574480081966761,4.473112371510617,-0.03414311591712345,-0.054156945156613415,"(1, 0, 0)"
390,test,0,0.006324179470539093,0.0070811515582685156,4.512946918484517,-0.03620977769243648,-0.05076235762862414,"(1, 0, 0)"
391,test,0,0.0063999369740486145,0.0070811515582685156,4.552871263706368,-0.03819913796037223,-0.049029558533308544,"(1, 0, 0)"
392,test,0,0.0005924329161643982,0.0070811515582685156,4.592784346519164,-0.0400882466893019,-0.04548974625526543,"(1, 0, 0)"
393,test,0,0.009571108967065811,0.0070811515582685156,4.632587051336663,-0.041842877645515184,-0.04330932422049563,"(1, 0, 0)"
394,test,0,0.01457483321428299,0.0070811515582685156,4.672564257241033,-0.043524368128830274,-0.04111255839300077,"(1, 0, 0)"
395,test,0,0.02301079034805298,0.008856694979185963,4.7124632093249845,-0.04509311401456526,-0.038017537552780645,"(1, 0, 0)"
396,test,0,0.019268646836280823,0.008856694979185963,4.752331739540358,-0.046578506983343856,-0.03625238429819417,"(1, 0, 0)"
397,test,0,0.03302799165248871,0.008856694979185963,4.792289166222158,-0.047954254413675595,-0.03239245728168289,"(1, 0, 0)"
398,test,0,0.029839996248483658,0.008856694979185963,4.832120727004963,-0.04917441754350557,-0.030186707395911814,"(1, 0, 0)"
399,test,0,0.01887433603405953,0.008856694979185963,4.872130656301207,-0.050341588198779395,-0.02811680711755298,"(1, 0, 0)"
400,test,0,0.0133636798709631,0.008856694979185963,4.912063106215415,-0.05137784881957406,-0.02397370992522603,"(1, 0, 0)"
401,test,0,0.014355294406414032,0.013753193900115708,4.951894698668666,-0.05229337257190202,-0.02207527478921099,"(1, 0, 0)"
402,test,0,0.022294946014881134,0.013753193900115708,4.991918440395039,-0.05310925618863767,-0.018183873325443158,"(1, 0, 0)"
403,test,0,0.003934452310204509,0.013753193900115708,5.03173388522198,-0.053729978184336606,-0.014420875255704773,"(1, 0, 0)"
404,test,0,0.013109821826219559,0.013753193900115708,5.07171740294099,-0.05423079914616471,-0.00995181859914206,"(1, 0, 0)"
405,test,0,0.008861226961016655,0.013753193900115708,5.111686445076273,-0.054502764788303563,-0.004004115178568124,"(1, 0, 0)"
406,test,0,0.026270641013979912,0.013753193900115708,5.151472012516717,-0.05458243794296627,-0.00019298689833395155,"(1, 0, 0)"
407,test,0,0.023236715234816074,0.01475572500936706,5.191521554960793,-0.054468714488736504,0.006827835973967828,"(1, 0, 0)"
408,test,0,0.040750809013843536,0.01475572500936706,5.231301893579958,-0.05400621638169967,0.014945728616519905,"(1, 0, 0)"
409,test,0,0.04438352910801768,0.01475572500936706,5.271225538063337,-0.053271684534917596,0.021999110577754638,"(1, 0, 0)"
410,test,0,0.05257015489041805,0.01475572500936706,5.311246612468566,-0.05223379045512183,0.030302000426147047,"(1, 0, 0)"
411,test,0,0.05600514076650143,0.01475572500936706,5.351022601907382,-0.050870157365209855,0.03734815894260552,"(1, 0, 0)"
412,test,0,0.054721562191843987,0.01475572500936706,5.3910378186294885,-0.04925714926265831,0.04350175539423524,"(1, 0, 0)"
413,test,0,0.022604001685976982,0.006142584036190545,5.430858683676471,-0.04736572544958286,0.05060422671549076,"(1, 0, 0)"
414,test,0,0.16900603845715523,0.006142584036190545,5.470721575858079,-0.04528599537397781,0.052141162212489094,"(0, 1, 0)"
415,test,0,0.12829014286398888,0.006142584036190545,5.510721718067598,-0.043042095191400405,0.06639489163371212,"(0, 1, 0)"
416,test,0,0.10663414746522903,0.006142584036190545,5.550271674548633,-0.03995884616585764,0.08659533284146431,"(0, 1, 0)"
417,test,0,0.13798815198242664,0.006142584036190545,5.590068337472688,-0.03625105372408281,0.09707668410351418,"(0, 1, 0)"
418,test,0,0.14555170387029648,0.006142584036190545,5.6298793970891445,-0.032264233001908615,0.1025113733445915,"(0, 1, 0)"
419,test,0,0.11166111566126347,0.03705894506124984,5.669521904613865,-0.028127056774845793,0.1049589641037075,"(0, 1, 0)"
420,test,0,0.10534688085317614,0.03705894506124984,5.7094585027626925,-0.02392715607247228,0.10339695893738984,"(0, 1, 0)"
421,test,0,0.10500197112560272,0.03705894506124984,5.74916137041066,-0.01987916790838936,0.09890004973960276,"(0, 1, 0)"
422,test,0,0.08066786080598828,0.03705894506124984,5.789012593007326,-0.01607252822135556,0.09115700304625206,"(0, 1, 0)"
423,test,0,0.090771310031414,0.03705894506124984,5.829018727227059,-0.012593904647743666,0.08260645056216905,"(0, 1, 0)"
424,test,0,0.07809142023324966,0.03705894506124984,5.868806097454849,-0.009489474158162045,0.07292225171161786,"(0, 1, 0)"
425,test,0,0.07249531149864197,0.04183991947880243,5.9088991001669395,-0.006776637525689952,0.06136160375238266,"(0, 1, 0)"
426,test,0,0.08257350325584412,0.04183991947880243,5.9488436590358456,-0.004543491146380624,0.049874230384806637,"(0, 1, 0)"
427,test,0,0.06498412042856216,0.04183991947880243,5.9888159691458505,-0.0027901518243713046,0.038291669091361016,"(0, 1, 0)"
428,test,0,0.053959533572196974,0.04183991947880243,6.028892818672305,-0.0014460423850659247,0.029644899677236294,"(0, 1, 0)"
429,test,0,0.04788097739219667,0.04183991947880243,6.0688352395865754,-0.00042586325012843187,0.020666729348717543,"(0, 1, 0)"
430,test,0,0.04088843613862993,0.0496816417835835,6.108957915300363,0.00018479793140290554,0.009226423468303926,"(0, 1, 0)"
431,test,0,0.04524733126163483,0.0496816417835835,6.148971069047865,0.00034980738032520204,-0.0011310873925756049,"(0, 1, 0)"
432,test,0,0.03872836381196974,0.0496816417835835,6.188979008132738,8.012903667792637e-05,-0.01229419980992156,"(0, 1, 0)"
433,test,0,0.04427736066281797,0.0496816417835835,6.229028245450251,-0.0005961206172137427,-0.02045384882336134,"(0, 1, 0)"
434,test,0,0.06989332102239132,0.0496816417835835,6.268955533932223,-0.00150959373263427,-0.02549987180416176,"(0, 1, 0)"
435,test,0,0.071517045609653,0.0496816417835835,6.308958321433421,-0.0025985379804726234,-0.02842110876077714,"(0, 1, 0)"
436,test,0,0.045501790940761566,0.04851135139008907,6.348940768775134,-0.0037251153078515587,-0.027430886719499326,"(0, 1, 0)"
437,test,0,0.13492025434970856,0.04851135139008907,6.388731636901438,-0.004783877445518537,-0.026145837664020764,"(0, 1, 0)"
438,test,0,0.1371418610215187,0.04851135139008907,6.428753317658756,-0.005763196628930469,-0.02229071147447566,"(0, 1, 0)"
439,test,0,0.08421370387077332,0.04851135139008907,6.468628482664758,-0.006501336015576644,-0.01505982367726626,"(0, 1, 0)"
440,test,0,0.10396913811564445,0.04851135139008907,6.508479512317101,-0.006990029286842488,-0.009185293762122125,"(0, 1, 0)"
441,test,0,0.11629826575517654,0.04851135139008907,6.548477063558906,-0.007199697654933884,-0.0004991279343892598,"(0, 1, 0)"
442,test,0,0.1081310547888279,0.06196261856838702,6.58819687965785,-0.007015402206668219,0.00902491436520883,"(0, 1, 0)"
443,test,0,0.11600696295499802,0.06196261856838702,6.628177910153524,-0.006456826913351327,0.019105892011553712,"(0, 1, 0)"
444,test,0,0.1145358681678772,0.06196261856838702,6.668081176027876,-0.005452611846407328,0.03128136463418869,"(0, 1, 0)"
445,test,0,0.17723911255598068,0.06196261856838702,6.707812689680826,-0.003965102598088869,0.04428749097277511,"(0, 1, 0)"
446,test,0,0.26452241092920303,0.06196261856838702,6.747786786503915,-0.0018505660628776097,0.06334795716807828,"(0, 1, 0)"
447,test,0,0.29912712052464485,0.06196261856838702,6.787142206423625,0.001173437425776781,0.09299075975328326,"(0, 1, 0)"
448,test,0,0.3706451300531626,0.08124874647298336,6.8265088581976086,0.005605902697985836,0.13480527073473303,"(0, 1, 0)"
449,test,0,0.32783086225390434,0.08124874647298336,6.865471707713686,0.011992092919724957,0.19430593132898008,"(0, 1, 0)"
450,test,0,0.29706116393208504,0.08124874647298336,6.903802954354007,0.02089181384844799,0.26284664673611446,"(0, 1, 0)"
451,test,0,0.3821836821734905,0.08124874647298336,6.941422148389204,0.032443766458045226,0.33313476276884674,"(0, 1, 0)"
452,test,0,0.35939614474773407,0.1477205589945009,6.978115977904715,0.04668890452779542,0.4109050194285014,"(0, 1, 0)"
453,test,0,0.3544289618730545,0.1477205589945009,7.0134286951886935,0.063794654397764,0.49914180406322156,"(0, 1, 0)"
454,test,0,0.34481485188007355,0.1477205589945009,7.046772068370984,0.08404068713596577,0.5942820359644287,"(0, 1, 0)"
455,test,0,0.30491338670253754,0.21282977361063046,7.078025128006076,0.10749998154586642,0.6947067341878488,"(0, 1, 0)"
456,test,0,0.267040953040123,0.21282977361063046,7.106842470171874,0.13406104349168416,0.7944571190114273,"(0, 1, 0)"
457,test,0,0.2593762129545212,0.21282977361063046,7.132959900565588,0.16325986855613056,0.8871756641335313,"(0, 1, 0)"
458,test,0,0.2132178097963333,0.30101666440192015,7.156363089069679,0.19464377940726305,0.9703070872711682,"(0, 1, 0)"
459,test,0,0.3128099860623479,0.30101666440192015,7.177415831969312,0.22791520375389202,1.0403952722429166,"(0, 1, 0)"
460,test,0,0.3347610056371195,0.30101666440192015,7.196294403378197,0.26263530572532556,1.1052765188617422,"(0, 1, 0)"
461,test,0,0.31109483167529106,0.37077642877260275,7.212765897211846,0.29833978471162853,1.1720379865422081,"(0, 1, 0)"
462,test,0,0.24396092910319567,0.37077642877260275,7.226833874478119,0.33508409926376037,1.238113978496134,"(0, 1, 0)"
463,test,0,0.23919798154383898,0.37077642877260275,7.238579863927398,0.37286978580206587,1.2969002359839743,"(0, 1, 0)"
464,test,0,0.3145902305841446,0.37077642877260275,7.248340927054979,0.4111735048584993,1.3459830264838668,"(0, 1, 0)"
465,test,0,0.2923842519521713,0.4711159893214529,7.256203950050903,0.4499246281729966,1.3943262041133087,"(0, 1, 0)"
466,test,0,0.35145968198776245,0.4711159893214529,7.262303306626833,0.48901838988314994,1.4368098918539036,"(0, 1, 0)"
467,test,0,0.2738358974456787,0.4711159893214529,7.266750422807429,0.5285117673939369,1.4822499154542037,"(0, 1, 0)"
468,test,0,0.34937217831611633,0.4711159893214529,7.269384537611062,0.5678909173602413,1.5229496262246107,"(0, 1, 0)"
469,test,0,0.34682825207710266,0.4711159893214529,7.270507687551301,0.6076360860121895,1.5635147190890806,"(0, 1, 0)"
470,test,0,0.3237657994031906,0.5967864246436835,7.269946245913496,0.647261117243897,1.6081707803200214,"(0, 1, 0)"
471,test,0,0.2564191073179245,0.5967864246436835,7.267535037036443,0.6867002070011945,1.6545548128040914,"(0, 1, 0)"
472,test,0,0.3547796159982681,0.5967864246436835,7.263418924554874,0.7261633462610699,1.6921723876015946,"(0, 1, 0)"
473,test,0,0.3628831058740616,0.5967864246436835,7.257884486753945,0.76551995825088,1.7304870122599292,"(0, 1, 0)"
474,test,0,0.4191705733537674,0.5967864246436835,7.250700431850062,0.8044371566565789,1.7778511138067803,"(0, 1, 0)"
475,test,0,0.3053356222808361,0.6904435798978352,7.241526184245526,0.8427116324620522,1.8391288859595418,"(0, 1, 0)"
476,test,0,0.29687367007136345,0.6904435798978352,7.22973671396169,0.8804798615181989,1.9100042086099485,"(0, 1, 0)"
477,test,0,0.38823868054896593,0.6904435798978352,7.215465081836605,0.9169355446023671,1.9790280494522112,"(0, 1, 0)"
478,test,0,0.08842459321022023,0.7429709119021715,7.198540537220579,0.9524869514057795,2.054718962148839,"(0, 1, 0)"
479,test,0,0.40575486421585083,0.7429709119021715,7.178867592918194,0.9864257613888818,2.1402311957824396,"(0, 1, 0)"
480,test,0,0.2980126142501831,0.7429709119021715,7.15638280880081,1.0183392851840714,2.2285991705501496,"(0, 1, 0)"
481,test,0,0.2627198100090027,0.08429818737111296,7.131318419677053,1.0484484757609847,2.2961210688448297,"(0, 1, 0)"
482,test,0,0.1655271053314209,3.306989109640549,4.010020043304869,-2.9313866530113884e-05,-0.007878064559895565,"(0, 1, 0)"
483,test,0,0.1913946522399783,3.306989109640549,4.0386986731476915,-0.0008091328312359429,-0.03589861522161095,"(0, 1, 0)"
484,test,0,0.1859065145254135,3.306989109640549,4.077550720460324,-0.0014520156153517952,0.001625783748595323,"(0, 1, 0)"
485,test,0,0.19361893832683563,3.306989109640549,4.1172171272760485,-0.0007061225730668647,0.03446203489218449,"(0, 1, 0)"
486,test,0,0.26027464121580124,3.306989109640549,4.157006680040502,0.0012992450418558977,0.06678322872653822,"(0, 1, 0)"
487,test,0,0.3101063296198845,3.306989109640549,4.196430471584272,0.004650667363899033,0.10236387625824742,"(0, 1, 0)"
488,test,0,0.39347685873508453,3.306989109640549,4.235781031958105,0.009435859293387642,0.140870114630323,"(0, 1, 0)"
489,test,0,0.01593310758471489,0.03452766627223636,4.275084443436779,0.01592097997639401,0.19007327525187023,"(1, 0, 0)"
490,test,0,0.019953902810811996,0.03452766627223636,4.31365206989072,0.024117706571649123,0.21381241975165055,"(1, 0, 0)"
491,test,0,0.14964751899242404,0.03452766627223636,4.352925858476226,0.03247590476098789,0.20365106928063126,"(1, 0, 0)"
492,test,0,0.1516788825392723,0.03452766627223636,4.392222250232759,0.040327047955931006,0.19075249064709443,"(1, 0, 0)"
493,test,0,0.13876567780971524,0.03452766627223636,4.431536639829493,0.04763735090372531,0.17693099721849836,"(1, 0, 0)"
494,test,0,0.13972489535808566,0.09540682228830673,4.47122107280054,0.05442570052057396,0.16126940799972936,"(1, 0, 0)"
495,test,0,0.12573701143264768,0.09540682228830673,4.510706233045165,0.060529525143704827,0.14481464747392447,"(1, 0, 0)"
496,test,0,0.1492087841033935,0.09540682228830673,4.550469152180325,0.0660068847548856,0.1294932493488009,"(1, 0, 0)"
497,test,0,0.1301083266735077,0.09540682228830673,4.590251154043884,0.07094402985276582,0.11805828854601844,"(1, 0, 0)"
498,test,0,0.12665364146232605,0.09540682228830673,4.6299828150311715,0.07539786159897255,0.10431871429711004,"(1, 0, 0)"
499,test,0,0.13226618617773053,0.09540682228830673,4.669943136894766,0.0792920162167625,0.0902939286101849,"(1, 0, 0)"
500,test,0,0.12475152686238289,0.11944636597929878,4.709798898339215,0.08269615334852343,0.08053943808849873,"(1, 0, 0)"
501,test,0,0.14726999402046204,0.11944636597929878,4.749746387230882,0.08570532584687804,0.06926898415604027,"(1, 0, 0)"
502,test,0,0.15360278822481635,0.11944636597929878,4.789687016957831,0.08829031719730614,0.06110776181081767,"(1, 0, 0)"
503,test,0,0.14230030030012134,0.11944636597929878,4.829598840753958,0.0906231739062804,0.055430833201509495,"(1, 0, 0)"
504,test,0,0.1466505527496338,0.11944636597929878,4.869581663720898,0.09273105104643171,0.05029637461058392,"(1, 0, 0)"
505,test,0,0.13135175406932828,0.11944636597929878,4.909486468690729,0.09469123154909342,0.04753215105821227,"(1, 0, 0)"
506,test,0,0.14303037337958815,0.14379683463973822,4.949469417520819,0.09647974226503188,0.040507277387837555,"(1, 0, 0)"
507,test,0,0.18672069907188416,0.14379683463973822,4.98942109856128,0.097969521962361,0.03503163952966541,"(1, 0, 0)"
508,test,0,0.18124184757471087,0.14379683463973822,5.029443373195129,0.09929687780780942,0.030360756227096025,"(1, 0, 0)"
509,test,0,0.2007099911570549,0.14379683463973822,5.069459135332446,0.10039641287572201,0.025409894951943336,"(1, 0, 0)"
510,test,0,0.23052125237882137,0.14379683463973822,5.109354525896485,0.10139818463299761,0.02449158724140543,"(1, 0, 0)"
511,test,0,0.1829876061528921,0.14379683463973822,5.149397432737449,0.10232271399473315,0.020086651138228828,"(1, 0, 0)"
512,test,0,0.1965307965874672,0.14958321203629632,5.189317255637132,0.10302839813100194,0.016137679160044927,"(1, 0, 0)"
513,test,0,0.1754995584487915,0.14958321203629632,5.229345779174527,0.10364127384893287,0.014578589980379714,"(1, 0, 0)"
514,test,0,0.1750982403755188,0.14958321203629632,5.269364286391009,0.10416030593987313,0.010817845027112832,"(1, 0, 0)"
515,test,0,0.23199241608381274,0.14958321203629632,5.309255648375532,0.10455267987224831,0.008298408031392313,"(1, 0, 0)"
516,test,0,0.1722696591168642,0.14958321203629632,5.34931322548456,0.10482259603805508,0.004570677475520166,"(1, 0, 0)"
517,test,0,0.17728294245898724,0.14958321203629632,5.3892340878172025,0.10492028586708739,0.0008245216634101943,"(1, 0, 0)"
518,test,0,0.14096082374453545,0.14565433010048456,5.429254066994462,0.10490180361660617,-0.0018768272702780228,"(1, 0, 0)"
519,test,0,0.09557594731450081,0.14565433010048456,5.469339826168647,0.1047098462519444,-0.00945552587669648,"(1, 0, 0)"
520,test,0,0.10354937613010404,0.14565433010048456,5.509244881592959,0.10417006735395412,-0.017690005444233842,"(1, 0, 0)"
521,test,0,0.08647839538753034,0.14565433010048456,5.549364439984157,0.10332059121591203,-0.024208384895287934,"(1, 0, 0)"
522,test,0,0.08293214067816733,0.14565433010048456,5.589368806170782,0.10221387986963401,-0.03109200333608055,"(1, 0, 0)"
523,test,0,0.08848661929368973,0.14048358397923588,5.629337454963829,0.10087374928775601,-0.035896328293369056,"(1, 0, 0)"
524,test,0,0.1474075000733137,0.14048358397923588,5.6693449503942315,0.09936334374756009,-0.039632528540050165,"(0, 0, 1)"
525,test,0,0.18876214325428006,0.14048358397923588,5.709238352117339,0.09780554697135696,-0.03658358499459553,"(0, 0, 1)"
526,test,0,0.18009299226105213,0.14048358397923588,5.749223312430821,0.09648137932568318,-0.02951885992257792,"(0, 0, 1)"
527,test,0,0.202444763854146,0.14048358397923588,5.789113461689873,0.09540047201375451,-0.025415104772048645,"(0, 0, 1)"
528,test,0,0.22675369866192344,0.14048358397923588,5.829004827643952,0.09448322469080969,-0.021086286432735423,"(0, 0, 1)"
529,test,0,0.21694115363061428,0.10796215310274908,5.868957694874589,0.09369385873059985,-0.01987222763856369,"(0, 0, 1)"
530,test,0,0.22256586141884327,0.10796215310274908,5.908890753367073,0.09291616582350523,-0.019343076187636876,"(0, 0, 1)"
531,test,0,0.21870853193104267,0.10796215310274908,5.948883236667317,0.09217377447130251,-0.017894322048347774,"(0, 0, 1)"
532,test,0,0.20687262155115602,0.10796215310274908,5.988811841991984,0.09146095294947171,-0.018355702656302722,"(0, 0, 1)"
533,test,0,0.23502306081354615,0.10796215310274908,6.028724059705356,0.090769495704209,-0.016020859073625555,"(0, 0, 1)"
534,test,0,0.22440177388489246,0.10796215310274908,6.068704654093303,0.09019355321280337,-0.013675680330418726,"(0, 0, 1)"
535,test,0,0.32850863970816135,0.13573860717096883,6.10864192947575,0.08968343367591841,-0.01168018367564491,"(0, 0, 1)"
536,test,0,0.22788958437740803,0.13573860717096883,6.148578612990751,0.0893072007878803,-0.007050713862866871,"(0, 0, 1)"
537,test,0,0.2247310671955347,0.13573860717096883,6.18851774530861,0.08909042199662251,-0.004945356644730577,"(0, 0, 1)"
538,test,0,0.23496911488473415,0.13573860717096883,6.228457987667264,0.08895032906538634,-0.0017738267349794177,"(0, 0, 1)"
539,test,0,0.22781930863857267,0.13573860717096883,6.2684525554226,0.08896298060266862,0.001616654104058154,"(0, 0, 1)"
540,test,0,0.21816044859588146,0.13573860717096883,6.308400367885519,0.0890487465793537,0.0022485520071464636,"(0, 0, 1)"
541,test,0,0.22654587216675282,0.13931627834683633,6.34833774762005,0.08917567537160147,0.0036898311975858897,"(0, 0, 1)"
542,test,0,0.2057614717632532,0.13931627834683633,6.388370106778302,0.08933181623928174,0.0030659752687149057,"(0, 0, 1)"
543,test,0,0.22260092571377754,0.13931627834683633,6.428305283247337,0.08942922531392558,0.002149175796384317,"(0, 0, 1)"
544,test,0,0.21614268235862255,0.13931627834683633,6.4683114432631905,0.08952233911481766,0.0022789601755256877,"(0, 0, 1)"
545,test,0,0.3238952364772558,0.13931627834683633,6.5083307811567,0.08959023468365898,0.000558121759601335,"(0, 0, 1)"
546,test,0,0.2125317696481943,0.13931627834683633,6.548230386260217,0.08961102962141958,0.00023314586682013835,"(0, 0, 1)"
547,test,0,0.2295894734561443,0.14547374873952654,6.588291805566342,0.08960490507904581,-0.0015040464277456178,"(0, 0, 1)"
548,test,0,0.2531266510486603,0.14547374873952654,6.628232217651654,0.08946913177927361,-0.005048792839817876,"(0, 0, 1)"
549,test,0,0.2956739272922277,0.14547374873952654,6.668231685708881,0.08920861105234068,-0.008471448971337687,"(0, 0, 1)"
550,test,0,0.2929091639816761,0.14547374873952654,6.708312358096216,0.08877135648356317,-0.014134019668507093,"(0, 0, 1)"
551,test,0,0.28402008116245275,0.14547374873952654,6.74822478193129,0.0881102864748781,-0.01886125586500884,"(0, 0, 1)"
552,test,0,0.2893096115440131,0.14547374873952654,6.788288033413882,0.08727661059904872,-0.02308599649764206,"(0, 0, 1)"
553,test,0,0.2996920961886644,0.15255318284684033,6.828274077251305,0.0862488997823844,-0.028119167014764496,"(0, 0, 1)"
554,test,0,0.31860185228288174,0.15255318284684033,6.8682081622364795,0.08508572503542872,-0.030156037951600618,"(0, 0, 1)"
555,test,0,0.3069465532898903,0.15255318284684033,6.908184329001163,0.08384085396902931,-0.033089001248625446,"(0, 0, 1)"
556,test,0,0.31720449402928347,0.15255318284684033,6.948105597181072,0.082475608848217,-0.0351695668155838,"(0, 0, 1)"
557,test,0,0.29663415253162384,0.15255318284684033,6.98811891930513,0.0810444561497672,-0.036886582280549564,"(0, 0, 1)"
558,test,0,0.3208871930837631,0.15255318284684033,7.028099321875018,0.07946377368602761,-0.04350973601025559,"(0, 0, 1)"
559,test,0,0.31657541543245316,0.14943644850057866,7.068002099834282,0.07759452369115541,-0.050302018608940145,"(0, 0, 1)"
560,test,0,0.32061440497636795,0.14943644850057866,7.10806444253143,0.0754392352120115,-0.057963069981952595,"(0, 0, 1)"
561,test,0,0.3319157250225544,0.14943644850057866,7.14791318769085,0.07295178573849774,-0.06620658004139954,"(0, 0, 1)"
562,test,0,0.3255264665931463,0.14943644850057866,7.187838980628548,0.07019039276958822,-0.07175548099050945,"(0, 0, 1)"
563,test,0,0.3363307397812605,0.14943644850057866,7.227767285382844,0.06721208638223704,-0.0777168711424298,"(0, 0, 1)"
564,test,0,0.31695499271154404,0.14943644850057866,7.267538836745679,0.06404267018344634,-0.08128856222486508,"(0, 0, 1)"
565,test,0,0.3211510991677642,0.17576245895427275,7.307513709154486,0.06072317587598305,-0.08481977440332657,"(0, 0, 1)"
566,test,0,0.3208432979881764,0.17576245895427275,7.347305980812874,0.057250195208787866,-0.08924605209132734,"(0, 0, 1)"
567,test,0,0.316416546702385,0.17576245895427275,7.387096487082546,0.05363723254554258,-0.09224737784699986,"(0, 0, 1)"
568,test,0,0.32324791699647903,0.17576245895427275,7.427032590254241,0.04986848494807088,-0.0966961794094999,"(0, 0, 1)"
569,test,0,0.32470774836838245,0.17576245895427275,7.466721204847247,0.04594502067010872,-0.10048673871225955,"(0, 0, 1)"
570,test,0,0.31205176189541817,0.17576245895427275,7.506580486639935,0.04187453599009269,-0.10313108868617135,"(0, 0, 1)"
571,test,0,0.3259570561349392,0.24386008067262366,7.54638802528107,0.03768742409959522,-0.10723135421242617,"(0, 0, 1)"
572,test,0,0.3192351292818784,0.24386008067262366,7.586063424588886,0.03334189719014612,-0.11131408277273823,"(0, 0, 1)"
573,test,0,0.30450089275836945,0.24386008067262366,7.625974366717778,0.028791441956434415,-0.11592258106165983,"(0, 0, 1)"
574,test,0,0.30784702301025396,0.24386008067262366,7.665571988248332,0.02405807835157729,-0.1227074414693181,"(0, 0, 1)"
575,test,0,0.2833339646458625,0.24386008067262366,7.705308439603371,0.01900231886542145,-0.13135300622213258,"(0, 0, 1)"
576,test,0,0.25718367099761963,0.24386008067262366,7.745086901794319,0.01351581194877266,-0.14429658103089807,"(0, 0, 1)"
577,test,0,0.2776657938957214,0.35953104660880597,7.784592009097797,0.007416176942137486,-0.16419512496877772,"(0, 0, 1)"
578,test,0,0.2680531293153763,0.35953104660880597,7.824306798397201,0.0002978080637464971,-0.192690725385496,"(0, 0, 1)"
579,test,0,0.29096272587776173,0.35953104660880597,7.863508945820275,-0.008048865465254764,-0.23061723431507844,"(0, 0, 1)"
580,test,0,0.2510209381580354,0.35953104660880597,7.902559114862881,-0.01814151108093715,-0.2771327001413595,"(0, 0, 1)"
581,test,0,0.24364805221557617,0.35953104660880597,7.9409982111902595,-0.03015735878696445,-0.33240907301817896,"(0, 0, 1)"
582,test,0,0.18772667646408092,0.47229294037066355,7.978886970923166,-0.04462187027403865,-0.4008018711441936,"(0, 0, 1)"
583,test,0,0.02575761079788208,0.47229294037066355,8.015357006345202,-0.06164192718769499,-0.4772718810742306,"(0, 0, 1)"
584,test,0,0.23804038763046265,0.47229294037066355,8.05065249325059,-0.08224727472447792,-0.5837135433402808,"(0, 0, 1)"
585,test,0,0.16339224576950073,0.5226514826307533,8.083517552794653,-0.10667557849234059,-0.6991655356266806,"(0, 0, 1)"
586,test,0,0.30277788639068604,0.5226514826307533,8.113298216650959,-0.1351380941914333,-0.8288326711749706,"(0, 0, 1)"
587,test,0,0.21174389123916626,0.545646575799601,8.138920743289434,-0.1668287254887336,-0.9549762419125852,"(0, 0, 1)"
588,test,0,0.20704978704452504,0.545646575799601,8.160567010819786,-0.20157674252686253,-1.0687213653631649,"(0, 0, 1)"
589,test,0,0.22958457469940186,0.5425894180818901,8.17843711863159,-0.23809575235153416,-1.1597812958595528,"(0, 0, 1)"
590,test,0,0.21261107921600342,0.5425894180818901,8.193145939617713,-0.27626045008383326,-1.2474414627705326,"(0, 0, 1)"
591,test,0,0.15919113159179688,0.5425894180818901,8.204370321391686,-0.31515722017659176,-1.3314819574903314,"(0, 0, 1)"
592,test,0,0.07035106420516973,0.5204636919025623,8.21240441429534,-0.3550581527474124,-1.4131904266488677,"(0, 0, 1)"
593,test,0,0.05935886502265936,0.5204636919025623,8.217230668413885,-0.3953118167540738,-1.4893901377537713,"(0, 0, 1)"
594,test,0,0.031064927577972412,0.5204636919025623,8.219081716612118,-0.43599913075554714,-1.5599519216952664,"(0, 0, 1)"
595,test,0,0.07557007670402527,0.47366891940819406,8.218219145860381,-0.47630512046304185,-1.6241724618826583,"(0, 0, 1)"
596,test,0,0.17860643565654755,0.47366891940819406,8.214857720994344,-0.51672829761613,-1.6778689913941036,"(0, 0, 1)"
597,test,0,0.18942710198462007,0.47366891940819406,8.21003161002819,-0.5565495563966671,-1.698273733390489,"(0, 0, 1)"
598,test,0,0.16237294860184193,0.47366891940819406,8.204858198466525,-0.5960710847844299,-1.7012110140155186,"(0, 0, 1)"
599,test,0,0.13563847541809082,0.47366891940819406,8.199690942495316,-0.6357914672770116,-1.6987317888685023,"(0, 0, 1)"
600,test,0,0.18284760415554047,0.47366891940819406,8.194614282946555,-0.6753295278798135,-1.7009377419698932,"(0, 0, 1)"
601,test,0,0.14970160275697708,0.3581144033849119,8.189292648912756,-0.7150419304062475,-1.7077199081404435,"(0, 0, 1)"
602,test,0,0.14375662058591843,0.3581144033849119,8.183698946924064,-0.7547054973936602,-1.7139804413723967,"(0, 0, 1)"
603,test,0,0.09891830012202263,0.3581144033849119,8.177876715919176,-0.7941243819965498,-1.7207903103175242,"(0, 0, 1)"
604,test,0,0.12969903368502855,0.3581144033849119,8.171763616292486,-0.8337540309390474,-1.7272785201481817,"(0, 0, 1)"
605,test,0,0.10940726660192013,0.3581144033849119,8.165464249531901,-0.8731729123021322,-1.731287602627149,"(0, 0, 1)"
606,test,0,0.13418074883520603,0.3581144033849119,8.159014579534071,-0.912619741035982,-1.734305940077482,"(0, 0, 1)"
607,test,0,0.1251638364046812,0.2650259928779689,8.15250842982743,-0.9521173806460548,-1.7324853014343506,"(0, 0, 1)"
608,test,0,0.12994706071913242,0.2650259928779689,8.146168868635279,-0.9914245361626584,-1.729922503511742,"(0, 0, 1)"
609,test,0,0.11890079081058502,0.2650259928779689,8.139890791711952,-1.0309553627230263,-1.726354641637897,"(0, 0, 1)"
610,test,0,0.06459229625761509,0.2650259928779689,8.133836481209007,-1.0704053437273613,-1.719863533221464,"(0, 0, 1)"
611,test,0,0.1388387605547905,0.2650259928779689,8.12800055966227,-1.1098048487218606,-1.7161650423589367,"(0, 0, 1)"
612,test,0,0.16949423961341384,0.2650259928779689,8.122300860418756,-1.1494232935498696,-1.7102296510597463,"(0, 0, 1)"
613,test,0,0.13085293024778366,0.18532370965220282,8.116914438498563,-1.1888360181425148,-1.704458039358347,"(0, 0, 1)"
614,test,0,0.1872728168964386,0.18532370965220282,4.009504061286546,7.944258258873296e-06,0.004123047791303004,"(0, 0, 1)"
615,test,0,0.1755262315273285,1.5937837023336994,4.038883885166141,0.0008606192931847941,0.043209660666142805,"(0, 0, 1)"
616,test,0,0.14021612890064716,1.5937837023336994,4.077943044334647,0.001981064630154003,0.010486607332079012,"(0, 0, 1)"
617,test,0,0.15380834974348545,1.5937837023336994,4.118142487273401,0.001709384505303352,-0.02356891934453374,"(0, 0, 1)"
618,test,0,0.15349113941192627,1.5937837023336994,4.158433341913361,7.917239613354596e-05,-0.058314737416503164,"(0, 0, 1)"
619,test,0,0.010235622525215149,1.5937837023336994,4.198573304001104,-0.002975531838113192,-0.09271727818019751,"(1, 0, 0)"
620,test,0,0.020147740840911865,1.5937837023336994,4.238342697613075,-0.007027628181740822,-0.1015555527218807,"(1, 0, 0)"
621,test,0,0.012399893254041672,0.018694452941085918,4.278170435831791,-0.010946640502906207,-0.0943734606335439,"(1, 0, 0)"
622,test,0,0.009094934910535812,0.018694452941085918,4.31785307600549,-0.014558097716178693,-0.08723636152727099,"(1, 0, 0)"
623,test,0,0.014465618878602982,0.018694452941085918,4.357671381721749,-0.017885296856701167,-0.07968753286149556,"(1, 0, 0)"
624,test,0,0.01002822816371917,0.018694452941085918,4.39749145559478,-0.020955383085704174,-0.07492834228747298,"(1, 0, 0)"
625,test,0,0.01497693732380867,0.018694452941085918,4.437259379819208,-0.023819226696617103,-0.0690852161812279,"(1, 0, 0)"
626,test,0,0.012571144849061966,0.0313903252937323,4.47718207953772,-0.026468913755007106,-0.06415276335706632,"(1, 0, 0)"
627,test,0,0.01690937578678131,0.0313903252937323,4.517003769765732,-0.02896700862296929,-0.06117597968887688,"(1, 0, 0)"
628,test,0,0.015170473605394363,0.0313903252937323,4.556859290264643,-0.031304706871890804,-0.05584893542972258,"(1, 0, 0)"
629,test,0,0.010943986475467682,0.0313903252937323,4.5967364022805235,-0.033448838942739666,-0.052591928967727256,"(1, 0, 0)"
630,test,0,0.0097054447978735,0.0313903252937323,4.6366068415136565,-0.03546497827773209,-0.048238066750945205,"(1, 0, 0)"
631,test,0,0.009048949927091592,0.0313903252937323,4.67655862848719,-0.03728514869171169,-0.0433372121552219,"(1, 0, 0)"
632,test,0,0.0035139676183462143,0.0313903252937323,4.716421089292916,-0.03895996504327404,-0.040580768062977016,"(1, 0, 0)"
633,test,0,0.013396862894296653,0.036815009324117,4.756309264812745,-0.040478200730513454,-0.03554888867357928,"(1, 0, 0)"
634,test,0,0.00802293233573437,0.036815009324117,4.796199436789961,-0.04180833015020418,-0.03226610660667085,"(1, 0, 0)"
635,test,0,0.007449118420481678,0.036815009324117,4.836146470230488,-0.04303449340982684,-0.02914794223150683,"(1, 0, 0)"
636,test,0,0.017043566331267353,0.036815009324117,4.876098049664436,-0.0441105061343391,-0.02506192578920977,"(1, 0, 0)"
637,test,0,0.0169609934091568,0.036815009324117,4.915985484550748,-0.04508041816183416,-0.02411958475018133,"(1, 0, 0)"
638,test,0,0.008434189483523372,0.01762430591617249,4.955928086703382,-0.04599235848155828,-0.02135747747297156,"(1, 0, 0)"
639,test,0,0.0013849381357431446,0.01762430591617249,4.995819036154201,-0.046768566209530904,-0.018555252670979436,"(1, 0, 0)"
640,test,0,0.02155142091214657,0.01762430591617249,5.035796873360764,-0.047437452671110596,-0.014608947917965987,"(1, 0, 0)"
641,test,0,0.01777835190296173,0.01762430591617249,5.075712558800925,-0.04787560104865541,-0.006848559492876215,"(1, 0, 0)"
642,test,0,0.021457438357174397,0.01762430591617249,5.115555284398821,-0.04802186109559379,-0.0011485210956963183,"(1, 0, 0)"
643,test,0,0.04403066635131836,0.01762430591617249,5.155525784507423,-0.047930494677137954,0.005908152999948534,"(1, 0, 0)"
644,test,0,0.04997560288757086,0.01125164717693103,5.195362779226244,-0.04750989511753275,0.014348375050303544,"(1, 0, 0)"
645,test,0,0.04670992074534297,0.01125164717693103,5.235288235079942,-0.046793125794898374,0.021509700425278517,"(1, 0, 0)"
646,test,0,0.04824518319219351,0.01125164717693103,5.275226535047643,-0.045761798902158805,0.030414748555896553,"(1, 0, 0)"
647,test,0,0.051221681758761406,0.01125164717693103,5.315063095928378,-0.04438484673641799,0.0377749516596795,"(1, 0, 0)"
648,test,0,0.05146534740924835,0.01125164717693103,5.3550390283716505,-0.04275153401125747,0.04379647213147182,"(1, 0, 0)"
649,test,0,0.04748678766191006,0.01125164717693103,5.394857549433862,-0.040861272242899364,0.04972298089763367,"(1, 0, 0)"
650,test,0,0.042760372161865234,0.009090060141847687,5.434745178867196,-0.03881508247693196,0.05251805089071967,"(1, 0, 0)"
651,test,0,0.014448003843426697,0.009090060141847687,5.47468145075496,-0.03666993621687793,0.05430185642631346,"(1, 0, 0)"
652,test,0,0.005257274955511093,0.009090060141847687,5.514590459346927,-0.03452201906433887,0.05125284235130942,"(1, 0, 0)"
653,test,0,0.011953983455896378,0.009090060141847687,5.55464632086011,-0.03261229447781451,0.04345702138396474,"(1, 0, 0)"
654,test,0,0.012737857177853584,0.009090060141847687,5.594569305389677,-0.03097240873852077,0.03895737425537281,"(1, 0, 0)"
655,test,0,0.011455412954092033,0.009090060141847687,5.6345188695376915,-0.029519499847248113,0.033048945238868574,"(1, 0, 0)"
656,test,0,0.03144738636910915,0.017986320001525207,5.674514839406658,-0.02832069648488072,0.027091780613006336,"(1, 0, 0)"
657,test,0,0.02900364063680172,0.017986320001525207,5.714508933588923,-0.027336709632034974,0.021785733298741585,"(1, 0, 0)"
658,test,0,0.03217146918177605,0.017986320001525207,5.754546132607894,-0.026579229649852588,0.016469716197153244,"(1, 0, 0)"
659,test,0,0.0033527351915836334,0.017986320001525207,5.79447440917648,-0.025960719193646967,0.01442431192935359,"(1, 0, 0)"
660,test,0,0.010440085083246238,0.017986320001525207,5.83448229957418,-0.025470173905104188,0.0077299148842353655,"(1, 0, 0)"
661,test,0,0.0023242272436618805,0.017986320001525207,5.874489463109229,-0.025346441891228862,-0.0002739518528850273,"(1, 0, 0)"
662,test,0,0.007760386914014816,0.022459970641800643,5.914543674235097,-0.02547906982177019,-0.007046689679333945,"(1, 0, 0)"
663,test,0,0.021999534219503403,0.022459970641800643,5.9546035430012605,-0.025953047700221176,-0.016902284003201724,"(1, 0, 0)"
664,test,0,0.011730745434761047,0.022459970641800643,5.994553701764186,-0.02677556556240015,-0.023883706045525487,"(1, 0, 0)"
665,test,0,0.008235795423388481,0.022459970641800643,6.0345702873847324,-0.027848550589353722,-0.03038858624115343,"(1, 0, 0)"
666,test,0,0.020373881794512272,0.022459970641800643,6.074580046341268,-0.029205475937114624,-0.03713359426218882,"(1, 0, 0)"
667,test,0,0.0006434433162212372,0.020755039658825067,6.114568691841334,-0.030788939274895767,-0.04220146765306584,"(1, 0, 0)"
668,test,0,0.004223143681883812,0.020755039658825067,6.154503606923271,-0.0326157153553862,-0.04995060279957309,"(1, 0, 0)"
669,test,0,0.025491339154541492,0.020755039658825067,6.194423682811978,-0.03472212892449246,-0.05478440682701522,"(1, 0, 0)"
670,test,0,0.01028438052162528,0.020755039658825067,6.23440966536685,-0.036966527855236804,-0.05775750071138814,"(1, 0, 0)"
671,test,0,0.006556347012519836,0.020755039658825067,6.274279495973353,-0.03936394032085217,-0.06211305722125485,"(1, 0, 0)"
672,test,0,0.0019111186265945435,0.020755039658825067,6.314153941865605,-0.04186588646598729,-0.06318201779763834,"(1, 0, 0)"
673,test,0,0.0028049424290657043,0.005270742184034157,6.354049444334845,-0.04440549098278565,-0.06480862915280011,"(1, 0, 0)"
674,test,0,0.003863602876663208,0.005270742184034157,6.393913049546355,-0.047001175251923696,-0.06491302508640599,"(1, 0, 0)"
675,test,0,0.013334875926375389,0.005270742184034157,6.433850273864231,-0.04956720895143143,-0.06360568506710167,"(1, 0, 0)"
676,test,0,0.001094562467187643,0.005270742184034157,6.473699127943249,-0.05211464559429066,-0.06460353918479912,"(1, 0, 0)"
677,test,0,0.01424041949212551,0.005270742184034157,6.513541958721078,-0.054668201699658414,-0.06352601984546712,"(1, 0, 0)"
678,test,0,0.005969004705548288,0.005270742184034157,6.553436355343745,-0.057185963646643696,-0.0637624226108134,"(1, 0, 0)"
679,test,0,0.01731894537806511,0.005409403266803273,6.593313280021042,-0.05973599075963854,-0.06389927552999002,"(1, 0, 0)"
680,test,0,0.013604281470179558,0.005409403266803273,6.633215251884959,-0.06225116424394037,-0.06204053551784088,"(1, 0, 0)"
681,test,0,0.006791745312511923,0.005409403266803273,6.673081747188661,-0.06471524730569755,-0.062224490429595686,"(1, 0, 0)"
682,test,0,0.008642135187983516,0.005409403266803273,6.712928280867084,-0.0671675885302898,-0.060587170235322854,"(1, 0, 0)"
683,test,0,0.004132924601435661,0.005409403266803273,6.752867316743706,-0.0695356226271448,-0.05839847013712041,"(1, 0, 0)"
684,test,0,0.004455536603927616,0.005409403266803273,6.7927240933687125,-0.07184395641491197,-0.0569348939557448,"(1, 0, 0)"
685,test,0,0.02615935169160366,0.00923851979716719,6.8325740034182365,-0.07400056705056111,-0.05043307609923799,"(1, 0, 0)"
686,test,0,0.05876596365123987,0.00923851979716719,6.8723498452920895,-0.07585408729917463,-0.04250275412077258,"(1, 0, 0)"
687,test,0,0.06366275716573,0.00923851979716719,6.9121955288476435,-0.07730480062439148,-0.029607499599559557,"(1, 0, 0)"
688,test,0,0.06551003456115723,0.00923851979716719,6.952062117532003,-0.07816699616551595,-0.013906630653516756,"(1, 0, 0)"
689,test,0,0.06085626667481847,0.00923851979716719,6.991897261452467,-0.07847358085476736,-0.001809775203613628,"(1, 0, 0)"
690,test,0,0.06702280230820179,0.00923851979716719,7.031803881077599,-0.07828202187025335,0.011420523480691898,"(1, 0, 0)"
691,test,0,0.06922460161149502,0.00509951103283295,7.071627209855525,-0.07759525285371298,0.02155419991963342,"(1, 0, 0)"
692,test,0,0.07483975775539875,0.00509951103283295,7.111610724499463,-0.07655506363525895,0.030382572571927252,"(1, 0, 0)"
693,test,0,0.03297805041074753,0.00509951103283295,7.1514947851003905,-0.07513251791018172,0.04062652725317835,"(1, 0, 0)"
694,test,0,0.02791479229927063,0.00509951103283295,7.191349033903695,-0.07337014517718286,0.047108624058183224,"(1, 0, 0)"
695,test,0,0.040142107754945755,0.00509951103283295,7.2312546061274565,-0.07136679101656729,0.053769993962571476,"(1, 0, 0)"
696,test,0,0.09183051064610481,0.00509951103283295,7.271050341720228,-0.06908424624465277,0.05972829637390924,"(1, 0, 0)"
697,test,0,0.09699206054210663,0.013794441395797451,7.3109798927936795,-0.06659954926686106,0.06488994028562081,"(1, 0, 0)"
698,test,0,0.06604843772947788,0.013794441395797451,7.350790428536028,-0.06385727939769827,0.07269623476507843,"(1, 0, 0)"
699,test,0,0.08314914256334305,0.013794441395797451,7.390522824597419,-0.0608285747179452,0.07940297941255672,"(1, 0, 0)"
700,test,0,0.0995139479637146,0.013794441395797451,7.430440865347778,-0.057504924992989426,0.08763635505275078,"(1, 0, 0)"
701,test,0,0.12431430071592331,0.013794441395797451,7.470042695986944,-0.05379552949864722,0.09836272930721358,"(1, 0, 0)"
702,test,0,0.13943256437778473,0.013794441395797451,7.509753428874003,-0.04967873041243981,0.10869825830028104,"(1, 0, 0)"
703,test,0,0.15630227327346802,0.014367351595715111,7.549476039495636,-0.04511006752318938,0.12198240327062516,"(1, 0, 0)"
704,test,0,0.15704014152288437,0.014367351595715111,7.5888933599665265,-0.04000235038439239,0.13514324971761044,"(1, 0, 0)"
705,test,0,0.16699554771184918,0.014367351595715111,7.628526194679522,-0.03435855327847581,0.14827251845400302,"(1, 0, 0)"
706,test,0,0.1698174774646759,0.014367351595715111,7.667907420912222,-0.028215994445756776,0.16168055743950727,"(1, 0, 0)"
707,test,0,0.17107846587896347,0.014367351595715111,7.707213244082073,-0.021583982931164463,0.1717513066897887,"(1, 0, 0)"
708,test,0,0.17075833678245542,0.014367351595715111,7.746728518615961,-0.01459714395902123,0.1785005653113666,"(1, 0, 0)"
709,test,0,0.20441522449254992,0.018048681623956116,7.785849991460706,-0.007437851820460264,0.1821124517745235,"(1, 0, 0)"
710,test,0,0.21173929795622826,0.018048681623956116,7.8252395510846915,-0.0001550260258519926,0.1825637642343728,"(1, 0, 0)"
711,test,0,0.1968327183276415,0.018048681623956116,7.864594669022712,0.007066731554428487,0.18033625903447267,"(1, 0, 0)"
712,test,0,0.13568156026303765,0.018048681623956116,7.903869405667239,0.014152756743183219,0.1761656846510667,"(1, 0, 0)"
713,test,0,0.20059667527675631,0.018048681623956116,7.943456536489872,0.021095324633119108,0.17090824695419726,"(1, 0, 0)"
714,test,0,0.15504958853125572,0.018048681623956116,7.982778083818081,0.027773329861574953,0.16541956807675473,"(1, 0, 0)"
715,test,0,0.15957247652113435,0.058132892770177,8.022291966073297,0.03424630148606308,0.15909545704608608,"(1, 0, 0)"
716,test,0,0.15638159587979317,0.058132892770177,8.061932936001055,0.04047928913173773,0.15388997554484857,"(1, 0, 0)"
717,test,0,0.17234449647366998,0.058132892770177,8.101361317127363,0.046482231839701654,0.14801123299204685,"(1, 0, 0)"
718,test,0,0.1703142262995243,0.058132892770177,8.141098602383014,0.052286134919254275,0.14193207414791553,"(1, 0, 0)"
719,test,0,0.14441973716020584,0.058132892770177,8.180670338432254,0.05783294219206483,0.13643529739183918,"(1, 0, 0)"
720,test,0,0.15646536275744438,0.058132892770177,8.220312631795947,0.06313337978661392,0.1289444675637854,"(1, 0, 0)"
721,test,0,0.13866595551371574,0.0847311070017508,8.260142793218122,0.06813981866368499,0.12175315056886687,"(1, 0, 0)"
722,test,0,0.15550832450389862,0.0847311070017508,8.299767314548395,0.07284778163470997,0.1141254098040502,"(1, 0, 0)"
723,test,0,0.16345564648509026,0.0847311070017508,8.33964537562676,0.07725838913475877,0.10596950131935923,"(1, 0, 0)"
724,test,0,0.16005979478359222,0.0847311070017508,8.379440825303243,0.08137289099287319,0.10013623842449353,"(1, 0, 0)"
725,test,0,0.16119685769081116,0.0847311070017508,8.419199157119742,0.08523441350023635,0.09337183139259714,"(1, 0, 0)"
726,test,0,0.15850968286395076,0.0847311070017508,8.459143260290334,0.08885167032702625,0.0878631444721756,"(1, 0, 0)"
727,test,0,0.17056683823466304,0.09884594471124274,8.49889077290929,0.0922759325165736,0.08313698587656627,"(1, 0, 0)"
728,test,0,0.15926801599562165,0.09884594471124274,8.5388131624289,0.09548752025336703,0.07724178734314727,"(1, 0, 0)"
729,test,0,0.17201248556375504,0.09884594471124274,8.578700747662507,0.09849104463087036,0.0732777772721933,"(1, 0, 0)"
730,test,0,0.17831223830580714,0.09884594471124274,8.61852553138945,0.10131621573106536,0.06788024513254853,"(1, 0, 0)"
731,test,0,0.2101284470409155,0.09884594471124274,8.658539028770035,0.10393351251333835,0.06311535176001933,"(1, 0, 0)"
732,test,0,0.21466047689318657,0.09884594471124274,8.698363494830335,0.10641323899633726,0.060355525939939016,"(1, 0, 0)"
733,test,0,0.21127347275614738,0.11806307302178398,8.738295672442534,0.10874011934041088,0.05577832129563589,"(1, 0, 0)"
734,test,0,0.1510394886136055,0.11806307302178398,8.778226369824964,0.11090984402577103,0.05326641734937959,"(1, 0, 0)"
735,test,0,0.16160583309829235,0.11806307302178398,8.818102679842529,0.11299034937028388,0.05033268933545994,"(1, 0, 0)"
736,test,0,0.228333093225956,0.11806307302178398,8.858124517440615,0.11493897552362085,0.04717910944336731,"(1, 0, 0)"
737,test,0,0.23138486593961716,0.11806307302178398,8.897996961767436,0.11682354675493449,0.04667295428181035,"(1, 0, 0)"
738,test,0,0.2267931252717972,0.11806307302178398,8.937905119728464,0.11864631337293456,0.0442960223026279,"(1, 0, 0)"
739,test,0,0.17228659614920616,0.14369790339835295,8.977847444459126,0.1203893018504954,0.043487639291485414,"(1, 0, 0)"
740,test,0,0.019818739965558052,0.14369790339835295,4.0054222644224176,-5.817403811389811e-05,-0.03192396560020269,"(1, 0, 0)"
741,test,0,0.044674426317214966,1.5347481353729178,4.032684636396772,-0.002386699971393306,-0.1120802643950043,"(1, 0, 0)"
742,test,0,0.04712042841129005,1.5347481353729178,4.072402906534972,-0.0068401552502739965,-0.10763417928822776,"(1, 0, 0)"
743,test,0,0.04024527221918106,1.5347481353729178,4.111963675347618,-0.01095071712602473,-0.09994394248242852,"(1, 0, 0)"
744,test,0,0.024652243591845036,1.5347481353729178,4.151813058846037,-0.014790208436921248,-0.09210995882881816,"(1, 0, 0)"
745,test,0,0.029744677245616913,1.5347481353729178,4.191438561649781,-0.018264635811300365,-0.08429048701204389,"(1, 0, 0)"
746,test,0,0.02340959757566452,1.5347481353729178,4.231243771098591,-0.021509217634251714,-0.0787308024249038,"(1, 0, 0)"
747,test,0,0.021415255963802338,0.01921747160804303,4.271166752056287,-0.02455017354760793,-0.0731954251790036,"(1, 0, 0)"
748,test,0,0.02053193747997284,0.01921747160804303,4.3108420879255736,-0.027369470031028076,-0.06955693118206956,"(1, 0, 0)"
749,test,0,0.01788082718849182,0.01921747160804303,4.350805677726515,-0.03008513896511277,-0.06596463896374888,"(1, 0, 0)"
750,test,0,0.01558057963848114,0.01921747160804303,4.390605720296724,-0.0326137576544692,-0.061924491410790344,"(1, 0, 0)"
751,test,0,0.017920076847076416,0.01921747160804303,4.430428895849708,-0.03502546152859107,-0.05937504180840267,"(1, 0, 0)"
752,test,0,0.01879972591996193,0.01921747160804303,4.470453785093763,-0.037345550778437125,-0.05595148000557783,"(1, 0, 0)"
753,test,0,0.014289312064647675,0.013725946362392723,4.510171649576477,-0.039486395349406525,-0.05264773046025067,"(1, 0, 0)"
754,test,0,0.012349765747785568,0.013725946362392723,4.55014001558191,-0.04153537648019208,-0.05001310664681926,"(1, 0, 0)"
755,test,0,0.018073268234729767,0.013725946362392723,4.590089512905958,-0.0434685626312089,-0.04695915677160655,"(1, 0, 0)"
756,test,0,0.023251064121723175,0.013725946362392723,4.629865616713161,-0.045292936829109474,-0.04459318518268471,"(1, 0, 0)"
757,test,0,0.020005300641059875,0.013725946362392723,4.669932306657523,-0.047012352993154025,-0.04058943108018108,"(1, 0, 0)"
758,test,0,0.0173824280500412,0.013725946362392723,4.709727225784355,-0.0485238923582278,-0.036388204223719176,"(1, 0, 0)"
759,test,0,0.010844796895980835,0.017231728494701937,4.749669515171223,-0.049910002292001376,-0.0331995653139886,"(1, 0, 0)"
760,test,0,0.0149659663438797,0.017231728494701937,4.789732320762165,-0.05118225054893417,-0.03033224289142183,"(1, 0, 0)"
761,test,0,0.07784152030944826,0.017231728494701937,4.829502027381025,-0.05234332470640041,-0.028299680304399607,"(1, 0, 0)"
762,test,0,0.07537078857421875,0.017231728494701937,4.86957149075997,-0.05343027095951439,-0.02623442109905362,"(1, 0, 0)"
763,test,0,0.05261550843715668,0.017231728494701937,4.909453875499472,-0.054428023965629284,-0.02436305920416265,"(1, 0, 0)"
764,test,0,0.052800633013248444,0.0158973383538905,4.949356578752827,-0.05534591723453074,-0.021503770656243218,"(1, 0, 0)"
765,test,0,0.1399851068854332,0.0158973383538905,4.989475845488236,-0.056138115721372964,-0.0174467118369116,"(1, 0, 0)"
766,test,0,0.13817914575338366,0.0158973383538905,5.029253248155264,-0.056741810016714196,-0.013617769063295182,"(1, 0, 0)"
767,test,0,0.061517298221588135,0.0158973383538905,5.069281533991996,-0.05721309762442418,-0.009893017619129672,"(1, 0, 0)"
768,test,0,0.04204790294170378,0.0158973383538905,5.10925726475048,-0.057513121371296654,-0.004569660628501965,"(1, 0, 0)"
769,test,0,0.03713620454072952,0.0158973383538905,5.149100497468516,-0.05757200290486871,0.0014019085607544584,"(1, 0, 0)"
770,test,0,0.03730753809213638,0.019053588693163776,5.189217026368388,-0.05740138380570532,0.007743840474210376,"(1, 0, 0)"
771,test,0,0.14956443756818774,0.019053588693163776,5.2290344440611625,-0.05696627281826453,0.014224040564152239,"(1, 0, 0)"
772,test,0,0.1755632683634758,0.019053588693163776,5.268978381818224,-0.05624923969673248,0.022039407823291838,"(1, 0, 0)"
773,test,0,0.19040118902921677,0.019053588693163776,5.309014852034843,-0.05522439432178392,0.029733920102505567,"(1, 0, 0)"
774,test,0,0.17729065567255023,0.019053588693163776,5.348771863638054,-0.053886466470775614,0.03719550555325197,"(1, 0, 0)"
775,test,0,0.18447429686784744,0.019053588693163776,5.388814856980478,-0.05226443165764896,0.043928252634982116,"(1, 0, 0)"
